"","X","BLOCK","Fertilizer","Mowing","Ditch","treatment","QUADRAT..","DATA.TYPE","Year","abundance","meanimp"
"1",1,1,0,0,1,"C",1,"p cover",2004,0.0575335928942488,0.00442566099186529
"2",2,1,0,0,1,"C",2,"p cover",2004,0,0
"3",3,1,0,0,1,"C",3,"p cover",2004,0.122435264636647,0.00941809727974208
"4",4,1,1,0,1,"F",4,"p cover",2004,0,0
"5",5,1,1,0,1,"F",5,"p cover",2004,0,0
"6",6,1,1,0,1,"F",6,"p cover",2004,0,0
"7",7,1,0,1,1,"M",49,"p cover",2004,0,0
"8",8,1,0,1,1,"M",50,"p cover",2004,0,0
"9",9,1,0,1,1,"M",51,"p cover",2004,0,0
"10",10,1,1,1,1,"MF",52,"p cover",2004,0,0
"11",11,1,1,1,1,"MF",53,"p cover",2004,0.0120972571565457,0.000930558242811208
"12",12,1,1,1,1,"MF",54,"p cover",2004,0,0
"13",13,2,0,0,0,"C",7,"p cover",2004,0.104106542402499,0.00800819556942303
"14",14,2,0,0,0,"C",8,"p cover",2004,0.0349826266056632,0.00269097127735871
"15",15,2,0,0,0,"C",9,"p cover",2004,0.138809870718564,0.0106776823629665
"16",16,2,1,0,0,"F",10,"p cover",2004,0.0173633584038208,0.00133564295414006
"17",17,2,1,0,0,"F",11,"p cover",2004,0.014156635567753,0.00108897196675023
"18",18,2,1,0,0,"F",12,"p cover",2004,0.0290908381610003,0.00223775678161541
"19",19,2,0,1,0,"M",55,"p cover",2004,0.0774983640272974,0.00596141261748441
"20",20,2,0,1,0,"M",56,"p cover",2004,0.101325818687662,0.00779429374520475
"21",21,2,0,1,0,"M",57,"p cover",2004,0.197731579638629,0.0152101215106637
"22",22,2,1,1,0,"MF",58,"p cover",2004,0,0
"23",23,2,1,1,0,"MF",59,"p cover",2004,0.09905343225814,0.00761949478908769
"24",24,2,1,1,0,"MF",60,"p cover",2004,0,0
"25",25,3,0,0,1,"C",13,"p cover",2004,0,0
"26",26,3,0,0,1,"C",14,"p cover",2004,0,0
"27",27,3,0,0,1,"C",15,"p cover",2004,0,0
"28",28,3,1,0,1,"F",16,"p cover",2004,0.0395659272063766,0.00304353286202897
"29",29,3,1,0,1,"F",17,"p cover",2004,0,0
"30",30,3,1,0,1,"F",18,"p cover",2004,0.00851258616445101,0.000654814320342385
"31",31,3,0,1,1,"M",61,"p cover",2004,0,0
"32",32,3,0,1,1,"M",62,"p cover",2004,0.00788755613666079,0.000606735087435445
"33",33,3,0,1,1,"M",63,"p cover",2004,0,0
"34",34,3,1,1,1,"MF",64,"p cover",2004,0,0
"35",35,3,1,1,1,"MF",65,"p cover",2004,0,0
"36",36,3,1,1,1,"MF",66,"p cover",2004,0,0
"37",37,4,0,0,0,"C",19,"p cover",2004,0.15499076007392,0.0119223661595323
"38",38,4,0,0,0,"C",20,"p cover",2004,0.0641422089188704,0.00493401607068234
"39",39,4,0,0,0,"C",21,"p cover",2004,0.148292157683795,0.0114070890525996
"40",40,4,1,0,0,"F",22,"p cover",2004,0.122753128555176,0.00944254835039818
"41",41,4,1,0,0,"F",23,"p cover",2004,0.0795643310178194,0.00612033315521688
"42",42,4,1,0,0,"F",24,"p cover",2004,0.0319113924050633,0.00245472249269718
"43",43,4,0,1,0,"M",67,"p cover",2004,0.24771512935883,0.0190550099506793
"44",44,4,0,1,0,"M",68,"p cover",2004,0.136727704587511,0.0105175157375008
"45",45,4,0,1,0,"M",69,"p cover",2004,0.253240417313788,0.0194800321010606
"46",46,4,1,1,0,"MF",70,"p cover",2004,0.141686850745465,0.0108989885188819
"47",47,4,1,1,0,"MF",71,"p cover",2004,0.214379605175886,0.0164907388596835
"48",48,4,1,1,0,"MF",72,"p cover",2004,0.297769405083682,0.0229053388525909
"49",49,5,0,0,1,"C",25,"p cover",2004,0,0
"50",50,5,0,0,1,"C",26,"p cover",2004,0,0
"51",51,5,0,0,1,"C",27,"p cover",2004,0,0
"52",52,5,1,0,1,"F",28,"p cover",2004,0.0750618685077473,0.00577398988521133
"53",53,5,1,0,1,"F",29,"p cover",2004,0.0250211137906123,0.00192470106081633
"54",54,5,1,0,1,"F",30,"p cover",2004,0.0266646244674037,0.00205112495903105
"55",55,5,0,1,1,"M",73,"p cover",2004,0.0158705249722763,0.00122080961325202
"56",56,5,0,1,1,"M",74,"p cover",2004,0,0
"57",57,5,0,1,1,"M",75,"p cover",2004,0,0
"58",58,5,1,1,1,"MF",76,"p cover",2004,0.0340541335686967,0.00261954873605359
"59",59,5,1,1,1,"MF",77,"p cover",2004,0.00968342016376951,0.000744878474136116
"60",60,5,1,1,1,"MF",78,"p cover",2004,0,0
"61",61,6,0,0,0,"C",31,"p cover",2004,0.453865300984207,0.0349127154603236
"62",62,6,0,0,0,"C",32,"p cover",2004,0.349345412362592,0.0268727240278917
"63",63,6,0,0,0,"C",33,"p cover",2004,0.262445993925653,0.0201881533788964
"64",64,6,1,0,0,"F",34,"p cover",2004,0.237367323581518,0.018259024890886
"65",65,6,1,0,0,"F",35,"p cover",2004,0.360244874881803,0.0277111442216772
"66",66,6,1,0,0,"F",36,"p cover",2004,0.163172026160179,0.0125516943200137
"67",67,6,0,1,0,"M",79,"p cover",2004,1.04523019232935,0.0804023224868732
"68",68,6,0,1,0,"M",80,"p cover",2004,0.412107729126639,0.031700594548203
"69",69,6,0,1,0,"M",81,"p cover",2004,0.446089062006526,0.0343145432312713
"70",70,6,1,1,0,"MF",82,"p cover",2004,0.255036420159296,0.0196181861660997
"71",71,6,1,1,0,"MF",83,"p cover",2004,0.476006079381009,0.0366158522600776
"72",72,6,1,1,0,"MF",84,"p cover",2004,0.325306509517035,0.0250235776551566
"73",73,7,0,0,1,"C",37,"p cover",2004,0,0
"74",74,7,0,0,1,"C",38,"p cover",2004,0.400939228525435,0.0308414791173412
"75",75,7,0,0,1,"C",39,"p cover",2004,0,0
"76",76,7,1,0,1,"F",40,"p cover",2004,0.00772286560732561,0.000594066585178893
"77",77,7,1,0,1,"F",41,"p cover",2004,0,0
"78",78,7,1,0,1,"F",42,"p cover",2004,0,0
"79",79,7,0,1,1,"M",85,"p cover",2004,0,0
"80",80,7,0,1,1,"M",86,"p cover",2004,0,0
"81",81,7,0,1,1,"M",87,"p cover",2004,0.0108736119134733,0.000836431685651792
"82",82,7,1,1,1,"MF",88,"p cover",2004,0.152018265245051,0.0116937127111578
"83",83,7,1,1,1,"MF",89,"p cover",2004,0.250885970398166,0.0192989207998589
"84",84,7,1,1,1,"MF",90,"p cover",2004,0.146161659593826,0.0112432045841404
"85",85,8,0,0,0,"C",43,"p cover",2004,0.108993278285792,0.00838409832967633
"86",86,8,0,0,0,"C",44,"p cover",2004,0.67454800315301,0.0518883079348469
"87",87,8,0,0,0,"C",45,"p cover",2004,0.677229458917835,0.0520945737629104
"88",88,8,1,0,0,"F",46,"p cover",2004,0.115084476096674,0.00885265200743646
"89",89,8,1,0,0,"F",47,"p cover",2004,0.756822299651568,0.0582170999731975
"90",90,8,1,0,0,"F",48,"p cover",2004,0.883467023172906,0.0679590017825313
"91",91,8,0,1,0,"M",91,"p cover",2004,0.513206388206388,0.0394774144774145
"92",92,8,0,1,0,"M",92,"p cover",2004,0.756336884987412,0.0581797603836471
"93",93,8,0,1,0,"M",93,"p cover",2004,0.660088293001962,0.0507760225386125
"94",94,8,1,1,0,"MF",94,"p cover",2004,0.669560620721786,0.0515046631324451
"95",95,8,1,1,0,"MF",95,"p cover",2004,1.09528264431129,0.0842525111008684
"96",96,8,1,1,0,"MF",96,"p cover",2004,0.545154967431589,0.0419349974947376
"97",97,1,0,0,1,"C",1,"p cover",2005,0.0405192610515804,0.00311686623473695
"98",98,1,0,0,1,"C",2,"p cover",2005,0,0
"99",99,1,0,0,1,"C",3,"p cover",2005,0.094364211814144,0.00725878552416492
"100",100,1,1,0,1,"F",4,"p cover",2005,0,0
"101",101,1,1,0,1,"F",5,"p cover",2005,0,0
"102",102,1,1,0,1,"F",6,"p cover",2005,0,0
"103",103,1,0,1,1,"M",49,"p cover",2005,0,0
"104",104,1,0,1,1,"M",50,"p cover",2005,0.0701089324618736,0.00539299480475951
"105",105,1,0,1,1,"M",51,"p cover",2005,0,0
"106",106,1,1,1,1,"MF",52,"p cover",2005,0,0
"107",107,1,1,1,1,"MF",53,"p cover",2005,0,0
"108",108,1,1,1,1,"MF",54,"p cover",2005,0,0
"109",109,2,0,0,0,"C",7,"p cover",2005,0.0694591196908814,0.00534300920699088
"110",110,2,0,0,0,"C",8,"p cover",2005,0.110294117647059,0.0084841628959276
"111",111,2,0,0,0,"C",9,"p cover",2005,0,0
"112",112,2,1,0,0,"F",10,"p cover",2005,0.0449673651666094,0.00345902808973918
"113",113,2,1,0,0,"F",11,"p cover",2005,0,0
"114",114,2,1,0,0,"F",12,"p cover",2005,0.0587976159626847,0.00452289353559113
"115",115,2,0,1,0,"M",55,"p cover",2005,0.17017437947138,0.0130903368824138
"116",116,2,0,1,0,"M",56,"p cover",2005,0.144769773659992,0.011136136435384
"117",117,2,0,1,0,"M",57,"p cover",2005,0.41208411681185,0.0316987782162961
"118",118,2,1,1,0,"MF",58,"p cover",2005,0,0
"119",119,2,1,1,0,"MF",59,"p cover",2005,0.20411214953271,0.0157009345794393
"120",120,2,1,1,0,"MF",60,"p cover",2005,0.0351872812257645,0.00270671394044342
"121",121,3,0,0,1,"C",13,"p cover",2005,0,0
"122",122,3,0,0,1,"C",14,"p cover",2005,0.0144724556489262,0.00111326581914817
"123",123,3,0,0,1,"C",15,"p cover",2005,0,0
"124",124,3,1,0,1,"F",16,"p cover",2005,0,0
"125",125,3,1,0,1,"F",17,"p cover",2005,0.0314273014876984,0.00241748472982295
"126",126,3,1,0,1,"F",18,"p cover",2005,0,0
"127",127,3,0,1,1,"M",61,"p cover",2005,0,0
"128",128,3,0,1,1,"M",62,"p cover",2005,0,0
"129",129,3,0,1,1,"M",63,"p cover",2005,0.0189280091598683,0.00145600070460525
"130",130,3,1,1,1,"MF",64,"p cover",2005,0,0
"131",131,3,1,1,1,"MF",65,"p cover",2005,0,0
"132",132,3,1,1,1,"MF",66,"p cover",2005,0.0143015422232976,0.00110011863256135
"133",133,4,0,0,0,"C",19,"p cover",2005,0.0261045655375552,0.00200804350288886
"134",134,4,0,0,0,"C",20,"p cover",2005,0.0261530972374346,0.00201177671057189
"135",135,4,0,0,0,"C",21,"p cover",2005,0.145145594730145,0.0111650457484727
"136",136,4,1,0,0,"F",22,"p cover",2005,0.0464883568689797,0.00357602745145998
"137",137,4,1,0,0,"F",23,"p cover",2005,0.213009339614844,0.0163853338165265
"138",138,4,1,0,0,"F",24,"p cover",2005,0.0398506222007171,0.00306543247697824
"139",139,4,0,1,0,"M",67,"p cover",2005,0.197330363804085,0.0151792587541604
"140",140,4,0,1,0,"M",68,"p cover",2005,0.186461845884851,0.0143432189142193
"141",141,4,0,1,0,"M",69,"p cover",2005,0.211223321917357,0.0162479478397967
"142",142,4,1,1,0,"MF",70,"p cover",2005,0.151197721598003,0.0116305939690771
"143",143,4,1,1,0,"MF",71,"p cover",2005,0.163182584634009,0.0125525065103084
"144",144,4,1,1,0,"MF",72,"p cover",2005,0.192307692307692,0.014792899408284
"145",145,5,0,0,1,"C",25,"p cover",2005,0,0
"146",146,5,0,0,1,"C",26,"p cover",2005,0,0
"147",147,5,0,0,1,"C",27,"p cover",2005,0,0
"148",148,5,1,0,1,"F",28,"p cover",2005,0.0481795354676711,0.00370611811289778
"149",149,5,1,0,1,"F",29,"p cover",2005,0.0296502439359582,0.00228078799507371
"150",150,5,1,0,1,"F",30,"p cover",2005,0.0139364128885087,0.00107203176065452
"151",151,5,0,1,1,"M",73,"p cover",2005,0.066826319990877,0.00514048615314438
"152",152,5,0,1,1,"M",74,"p cover",2005,0,0
"153",153,5,0,1,1,"M",75,"p cover",2005,0,0
"154",154,5,1,1,1,"MF",76,"p cover",2005,0.0274122807017544,0.00210863697705803
"155",155,5,1,1,1,"MF",77,"p cover",2005,0,0
"156",156,5,1,1,1,"MF",78,"p cover",2005,0,0
"157",157,6,0,0,0,"C",31,"p cover",2005,0.412783295136237,0.0317525611643259
"158",158,6,0,0,0,"C",32,"p cover",2005,0.438306797034236,0.033715907464172
"159",159,6,0,0,0,"C",33,"p cover",2005,0.0692273468782441,0.0053251805290957
"160",160,6,1,0,0,"F",34,"p cover",2005,0.182774490466798,0.0140595761897537
"161",161,6,1,0,0,"F",35,"p cover",2005,0.217745803357314,0.0167496771813319
"162",162,6,1,0,0,"F",36,"p cover",2005,0.215676040771214,0.0165904646747088
"163",163,6,0,1,0,"M",79,"p cover",2005,0.644108219653082,0.0495467861271601
"164",164,6,0,1,0,"M",80,"p cover",2005,0.358912236210488,0.0276086335546529
"165",165,6,0,1,0,"M",81,"p cover",2005,0.516784091182341,0.0397526223986416
"166",166,6,1,1,0,"MF",82,"p cover",2005,0.111169967756794,0.00855153598129185
"167",167,6,1,1,0,"MF",83,"p cover",2005,0.267927065617213,0.0206097742782472
"168",168,6,1,1,0,"MF",84,"p cover",2005,0.296108057118693,0.0227775428552841
"169",169,7,0,0,1,"C",37,"p cover",2005,0,0
"170",170,7,0,0,1,"C",38,"p cover",2005,0,0
"171",171,7,0,0,1,"C",39,"p cover",2005,0,0
"172",172,7,1,0,1,"F",40,"p cover",2005,0.0206416021752772,0.0015878155519444
"173",173,7,1,0,1,"F",41,"p cover",2005,0,0
"174",174,7,1,0,1,"F",42,"p cover",2005,0,0
"175",175,7,0,1,1,"M",85,"p cover",2005,0.0110702420503085,0.000851557080792961
"176",176,7,0,1,1,"M",86,"p cover",2005,0,0
"177",177,7,0,1,1,"M",87,"p cover",2005,0.00979344729344729,0.000753342099495945
"178",178,7,1,1,1,"MF",88,"p cover",2005,0.121388327666354,0.00933756366664263
"179",179,7,1,1,1,"MF",89,"p cover",2005,0.181537102473498,0.0139643924979614
"180",180,7,1,1,1,"MF",90,"p cover",2005,0.264424100489674,0.0203403154222826
"181",181,8,0,0,0,"C",43,"p cover",2005,0.0438196828278817,0.00337074483291398
"182",182,8,0,0,0,"C",44,"p cover",2005,0.26424005147089,0.0203261578054531
"183",183,8,0,0,0,"C",45,"p cover",2005,0.676947088565528,0.0520728529665791
"184",184,8,1,0,0,"F",46,"p cover",2005,0,0
"185",185,8,1,0,0,"F",47,"p cover",2005,0.652705061082025,0.0502080816216942
"186",186,8,1,0,0,"F",48,"p cover",2005,0.636023835319609,0.0489249104092007
"187",187,8,0,1,0,"M",91,"p cover",2005,0.366689980765868,0.0282069215973744
"188",188,8,0,1,0,"M",92,"p cover",2005,0.660110958416044,0.0507777660320034
"189",189,8,0,1,0,"M",93,"p cover",2005,0.387345970569096,0.0297958438899305
"190",190,8,1,1,0,"MF",94,"p cover",2005,0.733576427689231,0.0564289559760947
"191",191,8,1,1,0,"MF",95,"p cover",2005,1.03564413014751,0.0796649330882696
"192",192,8,1,1,0,"MF",96,"p cover",2005,0.594350732281766,0.0457192870985974
"193",193,1,0,0,1,"C",1,"p cover",2006,0.00687031835205992,0.000528486027081532
"194",194,1,0,0,1,"C",2,"p cover",2006,0,0
"195",195,1,0,0,1,"C",3,"p cover",2006,0,0
"196",196,1,1,0,1,"F",4,"p cover",2006,0,0
"197",197,1,1,0,1,"F",5,"p cover",2006,0,0
"198",198,1,1,0,1,"F",6,"p cover",2006,0,0
"199",199,1,0,1,1,"M",49,"p cover",2006,0,0
"200",200,1,0,1,1,"M",50,"p cover",2006,0.109086854339286,0.00839129648763738
"201",201,1,0,1,1,"M",51,"p cover",2006,0,0
"202",202,1,1,1,1,"MF",52,"p cover",2006,0,0
"203",203,1,1,1,1,"MF",53,"p cover",2006,0,0
"204",204,1,1,1,1,"MF",54,"p cover",2006,0,0
"205",205,2,0,0,0,"C",7,"p cover",2006,0,0
"206",206,2,0,0,0,"C",8,"p cover",2006,0.051994301994302,0.00399956169186939
"207",207,2,0,0,0,"C",9,"p cover",2006,0.0566731898238748,0.00435947614029806
"208",208,2,1,0,0,"F",10,"p cover",2006,0,0
"209",209,2,1,0,0,"F",11,"p cover",2006,0.00832981038721092,0.000640754645170071
"210",210,2,1,0,0,"F",12,"p cover",2006,0,0
"211",211,2,0,1,0,"M",55,"p cover",2006,0.169178373776075,0.0130137210596981
"212",212,2,0,1,0,"M",56,"p cover",2006,0.128877739111747,0.00991367223936515
"213",213,2,0,1,0,"M",57,"p cover",2006,0.456724103782928,0.0351326233679175
"214",214,2,1,1,0,"MF",58,"p cover",2006,0,0
"215",215,2,1,1,0,"MF",59,"p cover",2006,0.112716688339089,0.00867051448762223
"216",216,2,1,1,0,"MF",60,"p cover",2006,0.0361326883373999,0.00277943756441538
"217",217,3,0,0,1,"C",13,"p cover",2006,0.150222965440357,0.0115556127261813
"218",218,3,0,0,1,"C",14,"p cover",2006,0,0
"219",219,3,0,0,1,"C",15,"p cover",2006,0,0
"220",220,3,1,0,1,"F",16,"p cover",2006,0.0624649859943977,0.00480499892264598
"221",221,3,1,0,1,"F",17,"p cover",2006,0.02057801353576,0.00158292411813538
"222",222,3,1,0,1,"F",18,"p cover",2006,0.126490694077142,0.00973005339054939
"223",223,3,0,1,1,"M",61,"p cover",2006,0,0
"224",224,3,0,1,1,"M",62,"p cover",2006,0,0
"225",225,3,0,1,1,"M",63,"p cover",2006,0,0
"226",226,3,1,1,1,"MF",64,"p cover",2006,0,0
"227",227,3,1,1,1,"MF",65,"p cover",2006,0,0
"228",228,3,1,1,1,"MF",66,"p cover",2006,0,0
"229",229,4,0,0,0,"C",19,"p cover",2006,0.0718485494604898,0.00552681149696075
"230",230,4,0,0,0,"C",20,"p cover",2006,0,0
"231",231,4,0,0,0,"C",21,"p cover",2006,0,0
"232",232,4,1,0,0,"F",22,"p cover",2006,0.19061224489796,0.0146624803767661
"233",233,4,1,0,0,"F",23,"p cover",2006,0.114904473042689,0.00883880561866842
"234",234,4,1,0,0,"F",24,"p cover",2006,0.0688900240823177,0.00529923262171675
"235",235,4,0,1,0,"M",67,"p cover",2006,0.219749835418038,0.0169038334936952
"236",236,4,0,1,0,"M",68,"p cover",2006,0.188216692927171,0.0144782071482439
"237",237,4,0,1,0,"M",69,"p cover",2006,0.0951922547994939,0.00732248113842261
"238",238,4,1,1,0,"MF",70,"p cover",2006,0.0171087236304628,0.00131605566388175
"239",239,4,1,1,0,"MF",71,"p cover",2006,0.043759043322836,0.00336608025560277
"240",240,4,1,1,0,"MF",72,"p cover",2006,0.0689033337447374,0.00530025644190288
"241",241,5,0,0,1,"C",25,"p cover",2006,0,0
"242",242,5,0,0,1,"C",26,"p cover",2006,0,0
"243",243,5,0,0,1,"C",27,"p cover",2006,0,0
"244",244,5,1,0,1,"F",28,"p cover",2006,0,0
"245",245,5,1,0,1,"F",29,"p cover",2006,0,0
"246",246,5,1,0,1,"F",30,"p cover",2006,0,0
"247",247,5,0,1,1,"M",73,"p cover",2006,0,0
"248",248,5,0,1,1,"M",74,"p cover",2006,0,0
"249",249,5,0,1,1,"M",75,"p cover",2006,0,0
"250",250,5,1,1,1,"MF",76,"p cover",2006,0.0262413423080675,0.00201856479292827
"251",251,5,1,1,1,"MF",77,"p cover",2006,0,0
"252",252,5,1,1,1,"MF",78,"p cover",2006,0,0
"253",253,6,0,0,0,"C",31,"p cover",2006,0.226393947884562,0.0174149190680432
"254",254,6,0,0,0,"C",32,"p cover",2006,0.176524559044531,0.0135788122341947
"255",255,6,0,0,0,"C",33,"p cover",2006,0.0139469236911991,0.00107284028393839
"256",256,6,1,0,0,"F",34,"p cover",2006,0.474105461393597,0.0364696508764306
"257",257,6,1,0,0,"F",35,"p cover",2006,0.277130341350525,0.021317718565425
"258",258,6,1,0,0,"F",36,"p cover",2006,0.110923370568541,0.00853256696681084
"259",259,6,0,1,0,"M",79,"p cover",2006,0.622876536415337,0.0479135797242567
"260",260,6,0,1,0,"M",80,"p cover",2006,0.385122909219295,0.029624839170715
"261",261,6,0,1,0,"M",81,"p cover",2006,0.269052171537832,0.0206963208875255
"262",262,6,1,1,0,"MF",82,"p cover",2006,0.0207965784549586,0.00159973680422758
"263",263,6,1,1,0,"MF",83,"p cover",2006,0.119174927796425,0.00916730213818654
"264",264,6,1,1,0,"MF",84,"p cover",2006,0.096362777515352,0.00741252134733477
"265",265,7,0,0,1,"C",37,"p cover",2006,0,0
"266",266,7,0,0,1,"C",38,"p cover",2006,0,0
"267",267,7,0,0,1,"C",39,"p cover",2006,0,0
"268",268,7,1,0,1,"F",40,"p cover",2006,0,0
"269",269,7,1,0,1,"F",41,"p cover",2006,0,0
"270",270,7,1,0,1,"F",42,"p cover",2006,0,0
"271",271,7,0,1,1,"M",85,"p cover",2006,0,0
"272",272,7,0,1,1,"M",86,"p cover",2006,0,0
"273",273,7,0,1,1,"M",87,"p cover",2006,0,0
"274",274,7,1,1,1,"MF",88,"p cover",2006,0.0403388556394021,0.00310298889533862
"275",275,7,1,1,1,"MF",89,"p cover",2006,0.105222149742698,0.00809401151866908
"276",276,7,1,1,1,"MF",90,"p cover",2006,0.0613700787401575,0.00472077528770442
"277",277,8,0,0,0,"C",43,"p cover",2006,0,0
"278",278,8,0,0,0,"C",44,"p cover",2006,0.13695599743852,0.01053507672604
"279",279,8,0,0,0,"C",45,"p cover",2006,0.419369119398425,0.0322591630306481
"280",280,8,1,0,0,"F",46,"p cover",2006,0.126648733741919,0.00974221028783993
"281",281,8,1,0,0,"F",47,"p cover",2006,0.318965517241379,0.0245358090185676
"282",282,8,1,0,0,"F",48,"p cover",2006,0.57843137254902,0.0444947209653092
"283",283,8,0,1,0,"M",91,"p cover",2006,0.332850384387937,0.025603875722149
"284",284,8,0,1,0,"M",92,"p cover",2006,0.277156735535815,0.0213197488873704
"285",285,8,0,1,0,"M",93,"p cover",2006,0.649073411278136,0.049928723944472
"286",286,8,1,1,0,"MF",94,"p cover",2006,0.478618674050146,0.0368168210807805
"287",287,8,1,1,0,"MF",95,"p cover",2006,0.656856234052221,0.0505274026194016
"288",288,8,1,1,0,"MF",96,"p cover",2006,0.551805932555694,0.0424466101965919
"289",289,1,0,0,1,"C",1,"p cover",2007,0,0
"290",290,1,0,0,1,"C",2,"p cover",2007,0,0
"291",291,1,0,0,1,"C",3,"p cover",2007,0,0
"292",292,1,1,0,1,"F",4,"p cover",2007,0,0
"293",293,1,1,0,1,"F",5,"p cover",2007,0,0
"294",294,1,1,0,1,"F",6,"p cover",2007,0,0
"295",295,1,0,1,1,"M",49,"p cover",2007,0,0
"296",296,1,0,1,1,"M",50,"p cover",2007,0.0250019655633305,0.00192322812025619
"297",297,1,0,1,1,"M",51,"p cover",2007,0,0
"298",298,1,1,1,1,"MF",52,"p cover",2007,0,0
"299",299,1,1,1,1,"MF",53,"p cover",2007,0,0
"300",300,1,1,1,1,"MF",54,"p cover",2007,0,0
"301",301,2,0,0,0,"C",7,"p cover",2007,0.0187800884631363,0.00144462218947202
"302",302,2,0,0,0,"C",8,"p cover",2007,0,0
"303",303,2,0,0,0,"C",9,"p cover",2007,0.0886511891738584,0.00681932224414295
"304",304,2,1,0,0,"F",10,"p cover",2007,0,0
"305",305,2,1,0,0,"F",11,"p cover",2007,0,0
"306",306,2,1,0,0,"F",12,"p cover",2007,0,0
"307",307,2,0,1,0,"M",55,"p cover",2007,0.1547639514493,0.0119049193422538
"308",308,2,0,1,0,"M",56,"p cover",2007,0.126345647459728,0.0097188959584406
"309",309,2,0,1,0,"M",57,"p cover",2007,0.863571779172803,0.0664285983979079
"310",310,2,1,1,0,"MF",58,"p cover",2007,0,0
"311",311,2,1,1,0,"MF",59,"p cover",2007,0.0761446101068743,0.00585727770052879
"312",312,2,1,1,0,"MF",60,"p cover",2007,0.0176065545193062,0.00135435034763894
"313",313,3,0,0,1,"C",13,"p cover",2007,0.128785147801009,0.00990654983084685
"314",314,3,0,0,1,"C",14,"p cover",2007,0,0
"315",315,3,0,0,1,"C",15,"p cover",2007,0,0
"316",316,3,1,0,1,"F",16,"p cover",2007,0,0
"317",317,3,1,0,1,"F",17,"p cover",2007,0,0
"318",318,3,1,0,1,"F",18,"p cover",2007,0,0
"319",319,3,0,1,1,"M",61,"p cover",2007,0,0
"320",320,3,0,1,1,"M",62,"p cover",2007,0.00488783848281493,0.000375987575601148
"321",321,3,0,1,1,"M",63,"p cover",2007,0,0
"322",322,3,1,1,1,"MF",64,"p cover",2007,0,0
"323",323,3,1,1,1,"MF",65,"p cover",2007,0,0
"324",324,3,1,1,1,"MF",66,"p cover",2007,0,0
"325",325,4,0,0,0,"C",19,"p cover",2007,0,0
"326",326,4,0,0,0,"C",20,"p cover",2007,0,0
"327",327,4,0,0,0,"C",21,"p cover",2007,0.203346203346203,0.0156420156420156
"328",328,4,1,0,0,"F",22,"p cover",2007,0,0
"329",329,4,1,0,0,"F",23,"p cover",2007,0,0
"330",330,4,1,0,0,"F",24,"p cover",2007,0,0
"331",331,4,0,1,0,"M",67,"p cover",2007,0.291383270137752,0.022414097702904
"332",332,4,0,1,0,"M",68,"p cover",2007,0.312272895810159,0.0240209919853969
"333",333,4,0,1,0,"M",69,"p cover",2007,0.142879499217527,0.0109907307090406
"334",334,4,1,1,0,"MF",70,"p cover",2007,0.0865973887556622,0.0066613375965894
"335",335,4,1,1,0,"MF",71,"p cover",2007,0.0979209666322669,0.00753238204863592
"336",336,4,1,1,0,"MF",72,"p cover",2007,0.0217225899718481,0.00167096845937293
"337",337,5,0,0,1,"C",25,"p cover",2007,0,0
"338",338,5,0,0,1,"C",26,"p cover",2007,0,0
"339",339,5,0,0,1,"C",27,"p cover",2007,0,0
"340",340,5,1,0,1,"F",28,"p cover",2007,0,0
"341",341,5,1,0,1,"F",29,"p cover",2007,0,0
"342",342,5,1,0,1,"F",30,"p cover",2007,0,0
"343",343,5,0,1,1,"M",73,"p cover",2007,0.0896367834032452,0.00689513718486502
"344",344,5,0,1,1,"M",74,"p cover",2007,0.0547373588610702,0.00421056606623617
"345",345,5,0,1,1,"M",75,"p cover",2007,0.0126468636558804,0.000972835665836954
"346",346,5,1,1,1,"MF",76,"p cover",2007,0,0
"347",347,5,1,1,1,"MF",77,"p cover",2007,0,0
"348",348,5,1,1,1,"MF",78,"p cover",2007,0.0201782740718973,0.00155217492860748
"349",349,6,0,0,0,"C",31,"p cover",2007,0.121595891991692,0.00935353015320708
"350",350,6,0,0,0,"C",32,"p cover",2007,0.237214515903041,0.01824727045408
"351",351,6,0,0,0,"C",33,"p cover",2007,0.141739130434783,0.0109030100334448
"352",352,6,1,0,0,"F",34,"p cover",2007,0.222925594078691,0.0171481226214378
"353",353,6,1,0,0,"F",35,"p cover",2007,0.0403774752475248,0.00310595963442498
"354",354,6,1,0,0,"F",36,"p cover",2007,0.037258064516129,0.00286600496277915
"355",355,6,0,1,0,"M",79,"p cover",2007,0.674420160997342,0.0518784739228725
"356",356,6,0,1,0,"M",80,"p cover",2007,0.291468035692458,0.0224206181301891
"357",357,6,0,1,0,"M",81,"p cover",2007,0.474255229874723,0.0364811715288249
"358",358,6,1,1,0,"MF",82,"p cover",2007,0.134102801617048,0.0103156001243883
"359",359,6,1,1,0,"MF",83,"p cover",2007,0.0453328465376658,0.00348714204135891
"360",360,6,1,1,0,"MF",84,"p cover",2007,0.107750097146065,0.00828846901123573
"361",361,7,0,0,1,"C",37,"p cover",2007,0,0
"362",362,7,0,0,1,"C",38,"p cover",2007,0,0
"363",363,7,0,0,1,"C",39,"p cover",2007,0,0
"364",364,7,1,0,1,"F",40,"p cover",2007,0,0
"365",365,7,1,0,1,"F",41,"p cover",2007,0,0
"366",366,7,1,0,1,"F",42,"p cover",2007,0,0
"367",367,7,0,1,1,"M",85,"p cover",2007,0.0173712536513145,0.00133625028087035
"368",368,7,0,1,1,"M",86,"p cover",2007,0.0281508614841948,0.0021654508833996
"369",369,7,0,1,1,"M",87,"p cover",2007,0,0
"370",370,7,1,1,1,"MF",88,"p cover",2007,0.139073664984141,0.0106979742295493
"371",371,7,1,1,1,"MF",89,"p cover",2007,0.0849694974339111,0.00653611518722393
"372",372,7,1,1,1,"MF",90,"p cover",2007,0.0197388695158544,0.00151837457814265
"373",373,8,0,0,0,"C",43,"p cover",2007,0,0
"374",374,8,0,0,0,"C",44,"p cover",2007,0.187793427230047,0.0144456482484652
"375",375,8,0,0,0,"C",45,"p cover",2007,0.294044047410836,0.0226187728777566
"376",376,8,1,0,0,"F",46,"p cover",2007,0,0
"377",377,8,1,0,0,"F",47,"p cover",2007,1.0382183908046,0.0798629531388152
"378",378,8,1,0,0,"F",48,"p cover",2007,0.687651331719129,0.0528962562860868
"379",379,8,0,1,0,"M",91,"p cover",2007,0.500729963674496,0.0385176895134227
"380",380,8,0,1,0,"M",92,"p cover",2007,0.419869536148606,0.0322976566268159
"381",381,8,0,1,0,"M",93,"p cover",2007,0.19348582546552,0.0148835250358093
"382",382,8,1,1,0,"MF",94,"p cover",2007,0.202355072463768,0.0155657748049053
"383",383,8,1,1,0,"MF",95,"p cover",2007,0.625400462447069,0.0481077278805438
"384",384,8,1,1,0,"MF",96,"p cover",2007,0.180710896787742,0.0139008382144417
"385",385,1,0,0,1,"C",1,"p cover",2008,0,0
"386",386,1,0,0,1,"C",2,"p cover",2008,0,0
"387",387,1,0,0,1,"C",3,"p cover",2008,0,0
"388",388,1,1,0,1,"F",4,"p cover",2008,0,0
"389",389,1,1,0,1,"F",5,"p cover",2008,0,0
"390",390,1,1,0,1,"F",6,"p cover",2008,0,0
"391",391,1,0,1,1,"M",49,"p cover",2008,0,0
"392",392,1,0,1,1,"M",50,"p cover",2008,0.198239501192004,0.0152491923993849
"393",393,1,0,1,1,"M",51,"p cover",2008,0,0
"394",394,1,1,1,1,"MF",52,"p cover",2008,0,0
"395",395,1,1,1,1,"MF",53,"p cover",2008,0.0115722693571811,0.000890174565937008
"396",396,1,1,1,1,"MF",54,"p cover",2008,0,0
"397",397,2,0,0,0,"C",7,"p cover",2008,0,0
"398",398,2,0,0,0,"C",8,"p cover",2008,0,0
"399",399,2,0,0,0,"C",9,"p cover",2008,0,0
"400",400,2,1,0,0,"F",10,"p cover",2008,0,0
"401",401,2,1,0,0,"F",11,"p cover",2008,0,0
"402",402,2,1,0,0,"F",12,"p cover",2008,0,0
"403",403,2,0,1,0,"M",55,"p cover",2008,0.0661760982936997,0.00509046909951536
"404",404,2,0,1,0,"M",56,"p cover",2008,0.0978408576173939,0.00752621981672261
"405",405,2,0,1,0,"M",57,"p cover",2008,0.275733927907841,0.021210302146757
"406",406,2,1,1,0,"MF",58,"p cover",2008,0,0
"407",407,2,1,1,0,"MF",59,"p cover",2008,0.0644283121597096,0.00495602401228535
"408",408,2,1,1,0,"MF",60,"p cover",2008,0.0133424684005727,0.00102634372312098
"409",409,3,0,0,1,"C",13,"p cover",2008,0,0
"410",410,3,0,0,1,"C",14,"p cover",2008,0,0
"411",411,3,0,0,1,"C",15,"p cover",2008,0,0
"412",412,3,1,0,1,"F",16,"p cover",2008,0,0
"413",413,3,1,0,1,"F",17,"p cover",2008,0,0
"414",414,3,1,0,1,"F",18,"p cover",2008,0.0129621907144843,0.000997091593421869
"415",415,3,0,1,1,"M",61,"p cover",2008,0,0
"416",416,3,0,1,1,"M",62,"p cover",2008,0,0
"417",417,3,0,1,1,"M",63,"p cover",2008,0,0
"418",418,3,1,1,1,"MF",64,"p cover",2008,0,0
"419",419,3,1,1,1,"MF",65,"p cover",2008,0,0
"420",420,3,1,1,1,"MF",66,"p cover",2008,0,0
"421",421,4,0,0,0,"C",19,"p cover",2008,0.118966908797417,0.00915130067672438
"422",422,4,0,0,0,"C",20,"p cover",2008,0,0
"423",423,4,0,0,0,"C",21,"p cover",2008,0.0866666666666667,0.00666666666666667
"424",424,4,1,0,0,"F",22,"p cover",2008,0,0
"425",425,4,1,0,0,"F",23,"p cover",2008,0.0779940119760479,0.00599953938277291
"426",426,4,1,0,0,"F",24,"p cover",2008,0.157087552114354,0.0120836578549503
"427",427,4,0,1,0,"M",67,"p cover",2008,0.343365853324101,0.0264127579480078
"428",428,4,0,1,0,"M",68,"p cover",2008,0.322555873643859,0.0248119902802968
"429",429,4,0,1,0,"M",69,"p cover",2008,0.024269588313413,0.00186689140872408
"430",430,4,1,1,0,"MF",70,"p cover",2008,0.133735417374561,0.0102873397980431
"431",431,4,1,1,0,"MF",71,"p cover",2008,0.0250406803598293,0.00192620618152533
"432",432,4,1,1,0,"MF",72,"p cover",2008,0.0672844902955062,0.00517573002273125
"433",433,5,0,0,1,"C",25,"p cover",2008,0,0
"434",434,5,0,0,1,"C",26,"p cover",2008,0.056993006993007,0.00438407746100054
"435",435,5,0,0,1,"C",27,"p cover",2008,0,0
"436",436,5,1,0,1,"F",28,"p cover",2008,0,0
"437",437,5,1,0,1,"F",29,"p cover",2008,0,0
"438",438,5,1,0,1,"F",30,"p cover",2008,0,0
"439",439,5,0,1,1,"M",73,"p cover",2008,0.0649439164978969,0.00499568588445361
"440",440,5,0,1,1,"M",74,"p cover",2008,0,0
"441",441,5,0,1,1,"M",75,"p cover",2008,0.0373583109803582,0.00287371622925832
"442",442,5,1,1,1,"MF",76,"p cover",2008,0.0117838939857288,0.0009064533835176
"443",443,5,1,1,1,"MF",77,"p cover",2008,0,0
"444",444,5,1,1,1,"MF",78,"p cover",2008,0,0
"445",445,6,0,0,0,"C",31,"p cover",2008,0.0143383674937073,0.00110295134566979
"446",446,6,0,0,0,"C",32,"p cover",2008,0.147707464948844,0.0113621126883726
"447",447,6,0,0,0,"C",33,"p cover",2008,0.01341210971192,0.00103170074707077
"448",448,6,1,0,0,"F",34,"p cover",2008,0.261947626841244,0.0201498174493265
"449",449,6,1,0,0,"F",35,"p cover",2008,0.399813953488373,0.0307549194991056
"450",450,6,1,0,0,"F",36,"p cover",2008,0.204024767801858,0.0156942129078352
"451",451,6,0,1,0,"M",79,"p cover",2008,0.310045804557766,0.0238496772736743
"452",452,6,0,1,0,"M",80,"p cover",2008,0.442392792333896,0.0340302147949151
"453",453,6,0,1,0,"M",81,"p cover",2008,0.40489430781984,0.0311457159861415
"454",454,6,1,1,0,"MF",82,"p cover",2008,0.0463451337982001,0.00356501029216924
"455",455,6,1,1,0,"MF",83,"p cover",2008,0,0
"456",456,6,1,1,0,"MF",84,"p cover",2008,0.0543415756181714,0.0041801212013978
"457",457,7,0,0,1,"C",37,"p cover",2008,0,0
"458",458,7,0,0,1,"C",38,"p cover",2008,0,0
"459",459,7,0,0,1,"C",39,"p cover",2008,0,0
"460",460,7,1,0,1,"F",40,"p cover",2008,0,0
"461",461,7,1,0,1,"F",41,"p cover",2008,0,0
"462",462,7,1,0,1,"F",42,"p cover",2008,0,0
"463",463,7,0,1,1,"M",85,"p cover",2008,0,0
"464",464,7,0,1,1,"M",86,"p cover",2008,0.0497142857142857,0.00382417582417582
"465",465,7,0,1,1,"M",87,"p cover",2008,0.0572093023255814,0.00440071556350626
"466",466,7,1,1,1,"MF",88,"p cover",2008,0.0728006799830004,0.00560005230638465
"467",467,7,1,1,1,"MF",89,"p cover",2008,0.110121822830501,0.00847090944850008
"468",468,7,1,1,1,"MF",90,"p cover",2008,0.0384615384615385,0.00295857988165681
"469",469,8,0,0,0,"C",43,"p cover",2008,0,0
"470",470,8,0,0,0,"C",44,"p cover",2008,0,0
"471",471,8,0,0,0,"C",45,"p cover",2008,0.231341235398048,0.0177954796460037
"472",472,8,1,0,0,"F",46,"p cover",2008,0.0572649572649573,0.00440499671268902
"473",473,8,1,0,0,"F",47,"p cover",2008,1.00108225108225,0.0770063270063271
"474",474,8,1,0,0,"F",48,"p cover",2008,0.371467286101433,0.0285744066231871
"475",475,8,0,1,0,"M",91,"p cover",2008,0.398092570361478,0.0306225054124214
"476",476,8,0,1,0,"M",92,"p cover",2008,0.425339700410065,0.0327184384930819
"477",477,8,0,1,0,"M",93,"p cover",2008,0.456039325842697,0.0350799481417459
"478",478,8,1,1,0,"MF",94,"p cover",2008,0.435857047328925,0.0335274651791481
"479",479,8,1,1,0,"MF",95,"p cover",2008,0.529319686935581,0.0407168989950447
"480",480,8,1,1,0,"MF",96,"p cover",2008,0.0898692810457516,0.00691302161890397
"481",481,1,0,0,1,"C",1,"p cover",2009,0,0
"482",482,1,0,0,1,"C",2,"p cover",2009,0,0
"483",483,1,0,0,1,"C",3,"p cover",2009,0,0
"484",484,1,1,0,1,"F",4,"p cover",2009,0,0
"485",485,1,1,0,1,"F",5,"p cover",2009,0,0
"486",486,1,1,0,1,"F",6,"p cover",2009,0,0
"487",487,1,0,1,1,"M",49,"p cover",2009,0,0
"488",488,1,0,1,1,"M",50,"p cover",2009,0.00976479660690187,0.000751138200530913
"489",489,1,0,1,1,"M",51,"p cover",2009,0,0
"490",490,1,1,1,1,"MF",52,"p cover",2009,0,0
"491",491,1,1,1,1,"MF",53,"p cover",2009,0,0
"492",492,1,1,1,1,"MF",54,"p cover",2009,0,0
"493",493,2,0,0,0,"C",7,"p cover",2009,0,0
"494",494,2,0,0,0,"C",8,"p cover",2009,0,0
"495",495,2,0,0,0,"C",9,"p cover",2009,0,0
"496",496,2,1,0,0,"F",10,"p cover",2009,0.134369447155692,0.0103361113196686
"497",497,2,1,0,0,"F",11,"p cover",2009,0,0
"498",498,2,1,0,0,"F",12,"p cover",2009,0,0
"499",499,2,0,1,0,"M",55,"p cover",2009,0.0869251654505345,0.00668655118850265
"500",500,2,0,1,0,"M",56,"p cover",2009,0.198328064629435,0.015256004971495
"501",501,2,0,1,0,"M",57,"p cover",2009,0.29434250764526,0.0226417313573277
"502",502,2,1,1,0,"MF",58,"p cover",2009,0,0
"503",503,2,1,1,0,"MF",59,"p cover",2009,0.00455229977263108,0.000350176905587006
"504",504,2,1,1,0,"MF",60,"p cover",2009,0.0125864617984054,0.000968189369108108
"505",505,3,0,0,1,"C",13,"p cover",2009,0,0
"506",506,3,0,0,1,"C",14,"p cover",2009,0,0
"507",507,3,0,0,1,"C",15,"p cover",2009,0,0
"508",508,3,1,0,1,"F",16,"p cover",2009,0,0
"509",509,3,1,0,1,"F",17,"p cover",2009,0,0
"510",510,3,1,0,1,"F",18,"p cover",2009,0,0
"511",511,3,0,1,1,"M",61,"p cover",2009,0.0295368091295592,0.00227206224073532
"512",512,3,0,1,1,"M",62,"p cover",2009,0.0303990448638472,0.00233838806644978
"513",513,3,0,1,1,"M",63,"p cover",2009,0,0
"514",514,3,1,1,1,"MF",64,"p cover",2009,0.00970166784120273,0.000746282141630979
"515",515,3,1,1,1,"MF",65,"p cover",2009,0,0
"516",516,3,1,1,1,"MF",66,"p cover",2009,0.0197587156834806,0.00151990120642158
"517",517,4,0,0,0,"C",19,"p cover",2009,0.0608809024431722,0.00468314634178248
"518",518,4,0,0,0,"C",20,"p cover",2009,0.00975626454881556,0.000750481888370428
"519",519,4,0,0,0,"C",21,"p cover",2009,0.099484004127967,0.00765261570215131
"520",520,4,1,0,0,"F",22,"p cover",2009,0,0
"521",521,4,1,0,0,"F",23,"p cover",2009,0.183665008291874,0.0141280775609134
"522",522,4,1,0,0,"F",24,"p cover",2009,0.0752812374447569,0.00579086441882745
"523",523,4,0,1,0,"M",67,"p cover",2009,0.32246835443038,0.0248052580331062
"524",524,4,0,1,0,"M",68,"p cover",2009,0.130816675816191,0.0100628212166301
"525",525,4,0,1,0,"M",69,"p cover",2009,0.212875341588213,0.0163750262760164
"526",526,4,1,1,0,"MF",70,"p cover",2009,0.0699375731564573,0.00537981331972749
"527",527,4,1,1,0,"MF",71,"p cover",2009,0.0177602450148141,0.00136617269344724
"528",528,4,1,1,0,"MF",72,"p cover",2009,0.104735883424408,0.00805660641726215
"529",529,5,0,0,1,"C",25,"p cover",2009,0,0
"530",530,5,0,0,1,"C",26,"p cover",2009,0.155819881053526,0.0119861446964251
"531",531,5,0,0,1,"C",27,"p cover",2009,0,0
"532",532,5,1,0,1,"F",28,"p cover",2009,0,0
"533",533,5,1,0,1,"F",29,"p cover",2009,0,0
"534",534,5,1,0,1,"F",30,"p cover",2009,0,0
"535",535,5,0,1,1,"M",73,"p cover",2009,0.192307692307692,0.014792899408284
"536",536,5,0,1,1,"M",74,"p cover",2009,0.148180798204841,0.0113985229388339
"537",537,5,0,1,1,"M",75,"p cover",2009,0,0
"538",538,5,1,1,1,"MF",76,"p cover",2009,0.0816586525056943,0.00628143480813033
"539",539,5,1,1,1,"MF",77,"p cover",2009,0.00985317315859726,0.000757936396815174
"540",540,5,1,1,1,"MF",78,"p cover",2009,0,0
"541",541,6,0,0,0,"C",31,"p cover",2009,0.118009759957795,0.00907767384290731
"542",542,6,0,0,0,"C",32,"p cover",2009,0.198412698412698,0.0152625152625153
"543",543,6,0,0,0,"C",33,"p cover",2009,0.131150793650794,0.0100885225885226
"544",544,6,1,0,0,"F",34,"p cover",2009,0.577679646728221,0.0444368959021709
"545",545,6,1,0,0,"F",35,"p cover",2009,0.353831297926726,0.0272177921482097
"546",546,6,1,0,0,"F",36,"p cover",2009,0.141346558742338,0.0108728122109491
"547",547,6,0,1,0,"M",79,"p cover",2009,0.423309382924767,0.0325622602249821
"548",548,6,0,1,0,"M",80,"p cover",2009,0.28021945051648,0.0215553423474215
"549",549,6,0,1,0,"M",81,"p cover",2009,0.183030885710852,0.0140792989008348
"550",550,6,1,1,0,"MF",82,"p cover",2009,0.0464756281949744,0.00357504832269034
"551",551,6,1,1,0,"MF",83,"p cover",2009,0,0
"552",552,6,1,1,0,"MF",84,"p cover",2009,0.0143398882783051,0.00110306832910039
"553",553,7,0,0,1,"C",37,"p cover",2009,0,0
"554",554,7,0,0,1,"C",38,"p cover",2009,0,0
"555",555,7,0,0,1,"C",39,"p cover",2009,0.0387639222537672,0.00298184017336671
"556",556,7,1,0,1,"F",40,"p cover",2009,0,0
"557",557,7,1,0,1,"F",41,"p cover",2009,0,0
"558",558,7,1,0,1,"F",42,"p cover",2009,0,0
"559",559,7,0,1,1,"M",85,"p cover",2009,0.0166795715576203,0.00128304396597079
"560",560,7,0,1,1,"M",86,"p cover",2009,0.0428447150935189,0.00329574731488607
"561",561,7,0,1,1,"M",87,"p cover",2009,0.0560932316691991,0.00431486397455378
"562",562,7,1,1,1,"MF",88,"p cover",2009,0.0349119131385803,0.00268553177989079
"563",563,7,1,1,1,"MF",89,"p cover",2009,0.211123484885166,0.0162402680680897
"564",564,7,1,1,1,"MF",90,"p cover",2009,0.0601737701068452,0.0046287515466804
"565",565,8,0,0,0,"C",43,"p cover",2009,0.00423728813559322,0.000325945241199478
"566",566,8,0,0,0,"C",44,"p cover",2009,0.0882910450932891,0.00679161885332993
"567",567,8,0,0,0,"C",45,"p cover",2009,0.353586512993056,0.0271989625379274
"568",568,8,1,0,0,"F",46,"p cover",2009,0.142598116628648,0.0109690858945114
"569",569,8,1,0,0,"F",47,"p cover",2009,0.878646616541353,0.0675882012724118
"570",570,8,1,0,0,"F",48,"p cover",2009,0.30660256955671,0.0235848130428238
"571",571,8,0,1,0,"M",91,"p cover",2009,0.396718754513157,0.0305168272702428
"572",572,8,0,1,0,"M",92,"p cover",2009,0.421610126873285,0.0324315482210219
"573",573,8,0,1,0,"M",93,"p cover",2009,0.522407170294495,0.0401851669457304
"574",574,8,1,1,0,"MF",94,"p cover",2009,0.458940556088207,0.0353031196990929
"575",575,8,1,1,0,"MF",95,"p cover",2009,0.372243243243243,0.0286340956340956
"576",576,8,1,1,0,"MF",96,"p cover",2009,0.360720886360808,0.0277477604892929
"577",577,1,0,0,1,"C",1,"p cover",2010,0,0
"578",578,1,0,0,1,"C",2,"p cover",2010,0,0
"579",579,1,0,0,1,"C",3,"p cover",2010,0,0
"580",580,1,1,0,1,"F",4,"p cover",2010,0,0
"581",581,1,1,0,1,"F",5,"p cover",2010,0,0
"582",582,1,1,0,1,"F",6,"p cover",2010,0,0
"583",583,1,0,1,1,"M",49,"p cover",2010,0,0
"584",584,1,0,1,1,"M",50,"p cover",2010,0.0238734484619536,0.00183641911245797
"585",585,1,0,1,1,"M",51,"p cover",2010,0,0
"586",586,1,1,1,1,"MF",52,"p cover",2010,0,0
"587",587,1,1,1,1,"MF",53,"p cover",2010,0,0
"588",588,1,1,1,1,"MF",54,"p cover",2010,0,0
"589",589,2,0,0,0,"C",7,"p cover",2010,0,0
"590",590,2,0,0,0,"C",8,"p cover",2010,0,0
"591",591,2,0,0,0,"C",9,"p cover",2010,0,0
"592",592,2,1,0,0,"F",10,"p cover",2010,0,0
"593",593,2,1,0,0,"F",11,"p cover",2010,0,0
"594",594,2,1,0,0,"F",12,"p cover",2010,0,0
"595",595,2,0,1,0,"M",55,"p cover",2010,0.0667141275114697,0.00513185596242075
"596",596,2,0,1,0,"M",56,"p cover",2010,0.17327969873331,0.01332920759487
"597",597,2,0,1,0,"M",57,"p cover",2010,0.196528788193723,0.0151175990918248
"598",598,2,1,1,0,"MF",58,"p cover",2010,0,0
"599",599,2,1,1,0,"MF",59,"p cover",2010,0,0
"600",600,2,1,1,0,"MF",60,"p cover",2010,0.00774531835205993,0.000595793719389225
"601",601,3,0,0,1,"C",13,"p cover",2010,0,0
"602",602,3,0,0,1,"C",14,"p cover",2010,0.0319148936170213,0.00245499181669395
"603",603,3,0,0,1,"C",15,"p cover",2010,0,0
"604",604,3,1,0,1,"F",16,"p cover",2010,0,0
"605",605,3,1,0,1,"F",17,"p cover",2010,0,0
"606",606,3,1,0,1,"F",18,"p cover",2010,0,0
"607",607,3,0,1,1,"M",61,"p cover",2010,0,0
"608",608,3,0,1,1,"M",62,"p cover",2010,0,0
"609",609,3,0,1,1,"M",63,"p cover",2010,0,0
"610",610,3,1,1,1,"MF",64,"p cover",2010,0,0
"611",611,3,1,1,1,"MF",65,"p cover",2010,0,0
"612",612,3,1,1,1,"MF",66,"p cover",2010,0,0
"613",613,4,0,0,0,"C",19,"p cover",2010,0,0
"614",614,4,0,0,0,"C",20,"p cover",2010,0,0
"615",615,4,0,0,0,"C",21,"p cover",2010,0,0
"616",616,4,1,0,0,"F",22,"p cover",2010,0.16988416988417,0.0130680130680131
"617",617,4,1,0,0,"F",23,"p cover",2010,0,0
"618",618,4,1,0,0,"F",24,"p cover",2010,0.0476833976833977,0.00366795366795367
"619",619,4,0,1,0,"M",67,"p cover",2010,0.131800150512124,0.0101384731163172
"620",620,4,0,1,0,"M",68,"p cover",2010,0.113597622273701,0.00873827863643854
"621",621,4,0,1,0,"M",69,"p cover",2010,0.12539710763395,0.00964593135645767
"622",622,4,1,1,0,"MF",70,"p cover",2010,0,0
"623",623,4,1,1,0,"MF",71,"p cover",2010,0.0183147140661988,0.00140882415893837
"624",624,4,1,1,0,"MF",72,"p cover",2010,0.0680066779439893,0.00523128291876841
"625",625,5,0,0,1,"C",25,"p cover",2010,0.0136157959687371,0.00104736892067208
"626",626,5,0,0,1,"C",26,"p cover",2010,0,0
"627",627,5,0,0,1,"C",27,"p cover",2010,0,0
"628",628,5,1,0,1,"F",28,"p cover",2010,0,0
"629",629,5,1,0,1,"F",29,"p cover",2010,0,0
"630",630,5,1,0,1,"F",30,"p cover",2010,0,0
"631",631,5,0,1,1,"M",73,"p cover",2010,0.0684125432395849,0.00526250332612192
"632",632,5,0,1,1,"M",74,"p cover",2010,0,0
"633",633,5,0,1,1,"M",75,"p cover",2010,0.00765346171960856,0.000588727824585274
"634",634,5,1,1,1,"MF",76,"p cover",2010,0,0
"635",635,5,1,1,1,"MF",77,"p cover",2010,0,0
"636",636,5,1,1,1,"MF",78,"p cover",2010,0.0216394716394716,0.00166457474149782
"637",637,6,0,0,0,"C",31,"p cover",2010,0,0
"638",638,6,0,0,0,"C",32,"p cover",2010,0.179054054054054,0.0137733887733888
"639",639,6,0,0,0,"C",33,"p cover",2010,0,0
"640",640,6,1,0,0,"F",34,"p cover",2010,0.481432360742705,0.0370332585186696
"641",641,6,1,0,0,"F",35,"p cover",2010,0.0983277591973244,0.00756367378440957
"642",642,6,1,0,0,"F",36,"p cover",2010,0.0674463937621832,0.00518818413555255
"643",643,6,0,1,0,"M",79,"p cover",2010,0.409835706462212,0.0315258235740163
"644",644,6,0,1,0,"M",80,"p cover",2010,0.258219258219258,0.0198630198630199
"645",645,6,0,1,0,"M",81,"p cover",2010,0.236161152964297,0.0181662425357152
"646",646,6,1,1,0,"MF",82,"p cover",2010,0.0116959951456311,0.000899691934279312
"647",647,6,1,1,0,"MF",83,"p cover",2010,0,0
"648",648,6,1,1,0,"MF",84,"p cover",2010,0.0248519873233008,0.0019116913325616
"649",649,7,0,0,1,"C",37,"p cover",2010,0,0
"650",650,7,0,0,1,"C",38,"p cover",2010,0,0
"651",651,7,0,0,1,"C",39,"p cover",2010,0,0
"652",652,7,1,0,1,"F",40,"p cover",2010,0,0
"653",653,7,1,0,1,"F",41,"p cover",2010,0,0
"654",654,7,1,0,1,"F",42,"p cover",2010,0,0
"655",655,7,0,1,1,"M",85,"p cover",2010,0.0500503128144551,0.00385002406265039
"656",656,7,0,1,1,"M",86,"p cover",2010,0.0275149686914393,0.00211653605318764
"657",657,7,0,1,1,"M",87,"p cover",2010,0.082164797008547,0.00632036900065746
"658",658,7,1,1,1,"MF",88,"p cover",2010,0.0766310612464459,0.00589469701895738
"659",659,7,1,1,1,"MF",89,"p cover",2010,0.0105103668261563,0.000808489755858177
"660",660,7,1,1,1,"MF",90,"p cover",2010,0.0203266571292323,0.00156358900994094
"661",661,8,0,0,0,"C",43,"p cover",2010,0,0
"662",662,8,0,0,0,"C",44,"p cover",2010,0.0594117647058824,0.00457013574660634
"663",663,8,0,0,0,"C",45,"p cover",2010,0.259607843137255,0.0199698340874811
"664",664,8,1,0,0,"F",46,"p cover",2010,0.271710526315789,0.0209008097165992
"665",665,8,1,0,0,"F",47,"p cover",2010,0.7625,0.0586538461538462
"666",666,8,1,0,0,"F",48,"p cover",2010,0.0407738095238095,0.00313644688644688
"667",667,8,0,1,0,"M",91,"p cover",2010,0.156019656019656,0.012001512001512
"668",668,8,0,1,0,"M",92,"p cover",2010,0.0769870002240095,0.00592207694030842
"669",669,8,0,1,0,"M",93,"p cover",2010,0.184733644255725,0.0142102803273635
"670",670,8,1,1,0,"MF",94,"p cover",2010,0.163298904415656,0.0125614541858197
"671",671,8,1,1,0,"MF",95,"p cover",2010,0.348504799932036,0.0268080615332336
"672",672,8,1,1,0,"MF",96,"p cover",2010,0.0376220751130629,0.00289400577792792
"673",673,1,0,0,1,"C",1,"p cover",2011,0,0
"674",674,1,0,0,1,"C",2,"p cover",2011,0,0
"675",675,1,0,0,1,"C",3,"p cover",2011,0,0
"676",676,1,1,0,1,"F",4,"p cover",2011,0,0
"677",677,1,1,0,1,"F",5,"p cover",2011,0,0
"678",678,1,1,0,1,"F",6,"p cover",2011,0,0
"679",679,1,0,1,1,"M",49,"p cover",2011,0,0
"680",680,1,0,1,1,"M",50,"p cover",2011,0,0
"681",681,1,0,1,1,"M",51,"p cover",2011,0.0341342486651411,0.00262571143578008
"682",682,1,1,1,1,"MF",52,"p cover",2011,0,0
"683",683,1,1,1,1,"MF",53,"p cover",2011,0,0
"684",684,1,1,1,1,"MF",54,"p cover",2011,0,0
"685",685,2,0,0,0,"C",7,"p cover",2011,0,0
"686",686,2,0,0,0,"C",8,"p cover",2011,0,0
"687",687,2,0,0,0,"C",9,"p cover",2011,0,0
"688",688,2,1,0,0,"F",10,"p cover",2011,0,0
"689",689,2,1,0,0,"F",11,"p cover",2011,0,0
"690",690,2,1,0,0,"F",12,"p cover",2011,0,0
"691",691,2,0,1,0,"M",55,"p cover",2011,0,0
"692",692,2,0,1,0,"M",56,"p cover",2011,0.316273625102036,0.0243287403924643
"693",693,2,0,1,0,"M",57,"p cover",2011,0.222819495679418,0.0171399612061091
"694",694,2,1,1,0,"MF",58,"p cover",2011,0,0
"695",695,2,1,1,0,"MF",59,"p cover",2011,0,0
"696",696,2,1,1,0,"MF",60,"p cover",2011,0.0107846145046305,0.000829585731125423
"697",697,3,0,0,1,"C",13,"p cover",2011,0,0
"698",698,3,0,0,1,"C",14,"p cover",2011,0,0
"699",699,3,0,0,1,"C",15,"p cover",2011,0,0
"700",700,3,1,0,1,"F",16,"p cover",2011,0,0
"701",701,3,1,0,1,"F",17,"p cover",2011,0,0
"702",702,3,1,0,1,"F",18,"p cover",2011,0,0
"703",703,3,0,1,1,"M",61,"p cover",2011,0,0
"704",704,3,0,1,1,"M",62,"p cover",2011,0,0
"705",705,3,0,1,1,"M",63,"p cover",2011,0,0
"706",706,3,1,1,1,"MF",64,"p cover",2011,0.24244966442953,0.0186499741868869
"707",707,3,1,1,1,"MF",65,"p cover",2011,0,0
"708",708,3,1,1,1,"MF",66,"p cover",2011,0,0
"709",709,4,0,0,0,"C",19,"p cover",2011,0,0
"710",710,4,0,0,0,"C",20,"p cover",2011,0,0
"711",711,4,0,0,0,"C",21,"p cover",2011,0,0
"712",712,4,1,0,0,"F",22,"p cover",2011,0,0
"713",713,4,1,0,0,"F",23,"p cover",2011,0,0
"714",714,4,1,0,0,"F",24,"p cover",2011,0.122641509433962,0.00943396226415095
"715",715,4,0,1,0,"M",67,"p cover",2011,0.16770372115999,0.0129002862430762
"716",716,4,0,1,0,"M",68,"p cover",2011,0.0188141923436041,0.00144724556489262
"717",717,4,0,1,0,"M",69,"p cover",2011,0.103477167993297,0.00795978215333054
"718",718,4,1,1,0,"MF",70,"p cover",2011,0.0352114826691098,0.00270857558993152
"719",719,4,1,1,0,"MF",71,"p cover",2011,0.0151927437641723,0.00116867259724402
"720",720,4,1,1,0,"MF",72,"p cover",2011,0.0409841249762824,0.00315262499817557
"721",721,5,0,0,1,"C",25,"p cover",2011,0,0
"722",722,5,0,0,1,"C",26,"p cover",2011,0,0
"723",723,5,0,0,1,"C",27,"p cover",2011,0,0
"724",724,5,1,0,1,"F",28,"p cover",2011,0,0
"725",725,5,1,0,1,"F",29,"p cover",2011,0,0
"726",726,5,1,0,1,"F",30,"p cover",2011,0,0
"727",727,5,0,1,1,"M",73,"p cover",2011,0,0
"728",728,5,0,1,1,"M",74,"p cover",2011,0,0
"729",729,5,0,1,1,"M",75,"p cover",2011,0,0
"730",730,5,1,1,1,"MF",76,"p cover",2011,0,0
"731",731,5,1,1,1,"MF",77,"p cover",2011,0,0
"732",732,5,1,1,1,"MF",78,"p cover",2011,0,0
"733",733,6,0,0,0,"C",31,"p cover",2011,0.0808050314465409,0.00621577164973392
"734",734,6,0,0,0,"C",32,"p cover",2011,0.106907894736842,0.00822368421052631
"735",735,6,0,0,0,"C",33,"p cover",2011,0,0
"736",736,6,1,0,0,"F",34,"p cover",2011,0.129487179487179,0.00996055226824458
"737",737,6,1,0,0,"F",35,"p cover",2011,0.176964769647697,0.0136126745882843
"738",738,6,1,0,0,"F",36,"p cover",2011,0.0169843049327354,0.0013064849948258
"739",739,6,0,1,0,"M",79,"p cover",2011,0.0842960176899709,0.00648430905307469
"740",740,6,0,1,0,"M",80,"p cover",2011,0.152895419187554,0.0117611860913503
"741",741,6,0,1,0,"M",81,"p cover",2011,0.28379552715655,0.0218304251658885
"742",742,6,1,1,0,"MF",82,"p cover",2011,0.0105628124496049,0.000812524034584992
"743",743,6,1,1,0,"MF",83,"p cover",2011,0.0404438388164298,0.00311106452434075
"744",744,6,1,1,0,"MF",84,"p cover",2011,0.0499325236167341,0.00384096335513339
"745",745,7,0,0,1,"C",37,"p cover",2011,0,0
"746",746,7,0,0,1,"C",38,"p cover",2011,0,0
"747",747,7,0,0,1,"C",39,"p cover",2011,0,0
"748",748,7,1,0,1,"F",40,"p cover",2011,0,0
"749",749,7,1,0,1,"F",41,"p cover",2011,0,0
"750",750,7,1,0,1,"F",42,"p cover",2011,0,0
"751",751,7,0,1,1,"M",85,"p cover",2011,0,0
"752",752,7,0,1,1,"M",86,"p cover",2011,0.0501108647450111,0.00385468190346239
"753",753,7,0,1,1,"M",87,"p cover",2011,0.0246448576796783,0.00189575828305218
"754",754,7,1,1,1,"MF",88,"p cover",2011,0,0
"755",755,7,1,1,1,"MF",89,"p cover",2011,0.0289720589751521,0.00222861992116555
"756",756,7,1,1,1,"MF",90,"p cover",2011,0.039055472263868,0.00300426709722062
"757",757,8,0,0,0,"C",43,"p cover",2011,0,0
"758",758,8,0,0,0,"C",44,"p cover",2011,0,0
"759",759,8,0,0,0,"C",45,"p cover",2011,0.378626670327659,0.029125128486743
"760",760,8,1,0,0,"F",46,"p cover",2011,0.0611400347083166,0.00470307959294743
"761",761,8,1,0,0,"F",47,"p cover",2011,0.724422026061371,0.0557247712354901
"762",762,8,1,0,0,"F",48,"p cover",2011,0.544117647058823,0.0418552036199095
"763",763,8,0,1,0,"M",91,"p cover",2011,0.0454130213274305,0.00349330933287927
"764",764,8,0,1,0,"M",92,"p cover",2011,0.175052863736614,0.0134656049028165
"765",765,8,0,1,0,"M",93,"p cover",2011,0.461726863039645,0.0355174510030496
"766",766,8,1,1,0,"MF",94,"p cover",2011,0.163712320546554,0.012593255426658
"767",767,8,1,1,0,"MF",95,"p cover",2011,0.222883542828603,0.0171448879098925
"768",768,8,1,1,0,"MF",96,"p cover",2011,0.0488612836438923,0.00375856028029941
"769",769,1,0,0,1,"C",1,"p cover",2013,0,0
"770",770,1,0,0,1,"C",2,"p cover",2013,0.0300619283927326,0.0023124560302102
"771",771,1,0,0,1,"C",3,"p cover",2013,0,0
"772",772,1,1,0,1,"F",4,"p cover",2013,0,0
"773",773,1,1,0,1,"F",5,"p cover",2013,0,0
"774",774,1,1,0,1,"F",6,"p cover",2013,0,0
"775",775,1,0,1,1,"M",49,"p cover",2013,0,0
"776",776,1,0,1,1,"M",50,"p cover",2013,0.00541291240430865,0.000416377877254511
"777",777,1,0,1,1,"M",51,"p cover",2013,0,0
"778",778,1,1,1,1,"MF",52,"p cover",2013,0,0
"779",779,1,1,1,1,"MF",53,"p cover",2013,0,0
"780",780,1,1,1,1,"MF",54,"p cover",2013,0,0
"781",781,2,0,0,0,"C",7,"p cover",2013,0,0
"782",782,2,0,0,0,"C",8,"p cover",2013,0,0
"783",783,2,0,0,0,"C",9,"p cover",2013,0,0
"784",784,2,1,0,0,"F",10,"p cover",2013,0,0
"785",785,2,1,0,0,"F",11,"p cover",2013,0,0
"786",786,2,1,0,0,"F",12,"p cover",2013,0,0
"787",787,2,0,1,0,"M",55,"p cover",2013,0.555640050697085,0.0427415423613142
"788",788,2,0,1,0,"M",56,"p cover",2013,0.141589807073848,0.0108915236210653
"789",789,2,0,1,0,"M",57,"p cover",2013,0.051991305736955,0.003999331210535
"790",790,2,1,1,0,"MF",58,"p cover",2013,0.0063669256444058,0.000489763511108138
"791",791,2,1,1,0,"MF",59,"p cover",2013,0,0
"792",792,2,1,1,0,"MF",60,"p cover",2013,0.0869452303823075,0.00668809464479289
"793",793,3,0,0,1,"C",13,"p cover",2013,0,0
"794",794,3,0,0,1,"C",14,"p cover",2013,0,0
"795",795,3,0,0,1,"C",15,"p cover",2013,0,0
"796",796,3,1,0,1,"F",16,"p cover",2013,0,0
"797",797,3,1,0,1,"F",17,"p cover",2013,0,0
"798",798,3,1,0,1,"F",18,"p cover",2013,0,0
"799",799,3,0,1,1,"M",61,"p cover",2013,0,0
"800",800,3,0,1,1,"M",62,"p cover",2013,0,0
"801",801,3,0,1,1,"M",63,"p cover",2013,0,0
"802",802,3,1,1,1,"MF",64,"p cover",2013,0.00640103462807155,0.000492387279082427
"803",803,3,1,1,1,"MF",65,"p cover",2013,0,0
"804",804,3,1,1,1,"MF",66,"p cover",2013,0.0875838026280504,0.00673721558677311
"805",805,4,0,0,0,"C",19,"p cover",2013,0,0
"806",806,4,0,0,0,"C",20,"p cover",2013,0,0
"807",807,4,0,0,0,"C",21,"p cover",2013,0.0553811478708846,0.00426008829776035
"808",808,4,1,0,0,"F",22,"p cover",2013,0,0
"809",809,4,1,0,0,"F",23,"p cover",2013,0,0
"810",810,4,1,0,0,"F",24,"p cover",2013,0.131977100797383,0.0101520846767217
"811",811,4,0,1,0,"M",67,"p cover",2013,0.169469625288689,0.0130361250222068
"812",812,4,0,1,0,"M",68,"p cover",2013,0.0989598451862603,0.00761229578355849
"813",813,4,0,1,0,"M",69,"p cover",2013,0.470810439560439,0.0362161876584953
"814",814,4,1,1,0,"MF",70,"p cover",2013,0.00977349775506008,0.000751807519620006
"815",815,4,1,1,0,"MF",71,"p cover",2013,0.203130264487871,0.0156254049606055
"816",816,4,1,1,0,"MF",72,"p cover",2013,0.286609915043161,0.0220469165417816
"817",817,5,0,0,1,"C",25,"p cover",2013,0,0
"818",818,5,0,0,1,"C",26,"p cover",2013,0,0
"819",819,5,0,0,1,"C",27,"p cover",2013,0,0
"820",820,5,1,0,1,"F",28,"p cover",2013,0,0
"821",821,5,1,0,1,"F",29,"p cover",2013,0,0
"822",822,5,1,0,1,"F",30,"p cover",2013,0,0
"823",823,5,0,1,1,"M",73,"p cover",2013,0,0
"824",824,5,0,1,1,"M",74,"p cover",2013,0.0117641440351492,0.000904934156549939
"825",825,5,0,1,1,"M",75,"p cover",2013,0,0
"826",826,5,1,1,1,"MF",76,"p cover",2013,0,0
"827",827,5,1,1,1,"MF",77,"p cover",2013,0,0
"828",828,5,1,1,1,"MF",78,"p cover",2013,0.0125268125268125,0.000963600963600962
"829",829,6,0,0,0,"C",31,"p cover",2013,0.351724137931034,0.0270557029177718
"830",830,6,0,0,0,"C",32,"p cover",2013,0.0627755859828266,0.0048288912294482
"831",831,6,0,0,0,"C",33,"p cover",2013,0,0
"832",832,6,1,0,0,"F",34,"p cover",2013,0.226142742582197,0.0173955955832459
"833",833,6,1,0,0,"F",35,"p cover",2013,0.391806997644185,0.0301389998187834
"834",834,6,1,0,0,"F",36,"p cover",2013,0.0483774438090172,0.00372134183146286
"835",835,6,0,1,0,"M",79,"p cover",2013,0.39787701317716,0.0306059240905508
"836",836,6,0,1,0,"M",80,"p cover",2013,0.00511512636523443,0.000393471258864187
"837",837,6,0,1,0,"M",81,"p cover",2013,0.523268328382625,0.0402514098755865
"838",838,6,1,1,0,"MF",82,"p cover",2013,0.121729780422339,0.00936382926325688
"839",839,6,1,1,0,"MF",83,"p cover",2013,0.0794412034191206,0.00611086180147082
"840",840,6,1,1,0,"MF",84,"p cover",2013,0.00338309820572524,0.000260238323517326
"841",841,7,0,0,1,"C",37,"p cover",2013,0,0
"842",842,7,0,0,1,"C",38,"p cover",2013,0,0
"843",843,7,0,0,1,"C",39,"p cover",2013,0,0
"844",844,7,1,0,1,"F",40,"p cover",2013,0,0
"845",845,7,1,0,1,"F",41,"p cover",2013,0,0
"846",846,7,1,0,1,"F",42,"p cover",2013,0,0
"847",847,7,0,1,1,"M",85,"p cover",2013,0,0
"848",848,7,0,1,1,"M",86,"p cover",2013,0,0
"849",849,7,0,1,1,"M",87,"p cover",2013,0.0497413834775463,0.00382626026750356
"850",850,7,1,1,1,"MF",88,"p cover",2013,0.044872419166342,0.00345172455125708
"851",851,7,1,1,1,"MF",89,"p cover",2013,0.13611819072959,0.0104706300561223
"852",852,7,1,1,1,"MF",90,"p cover",2013,0,0
"853",853,8,0,0,0,"C",43,"p cover",2013,0,0
"854",854,8,0,0,0,"C",44,"p cover",2013,0.412505075111653,0.0317311596239733
"855",855,8,0,0,0,"C",45,"p cover",2013,0,0
"856",856,8,1,0,0,"F",46,"p cover",2013,0.231578947368421,0.0178137651821862
"857",857,8,1,0,0,"F",47,"p cover",2013,0.411148135980351,0.0316267796907962
"858",858,8,1,0,0,"F",48,"p cover",2013,0.193181818181818,0.0148601398601398
"859",859,8,0,1,0,"M",91,"p cover",2013,0.86504503301484,0.0665419256165261
"860",860,8,0,1,0,"M",92,"p cover",2013,0.534913454441561,0.041147188803197
"861",861,8,0,1,0,"M",93,"p cover",2013,0.684289855072463,0.0526376811594203
"862",862,8,1,1,0,"MF",94,"p cover",2013,1.13863636363636,0.0875874125874126
"863",863,8,1,1,0,"MF",95,"p cover",2013,0.313140446051838,0.0240877266193722
"864",864,8,1,1,0,"MF",96,"p cover",2013,0.361292865589279,0.027791758891483
"865",865,1,0,0,1,"C",1,"p cover",2015,0,0
"866",866,1,0,0,1,"C",2,"p cover",2015,0,0
"867",867,1,0,0,1,"C",3,"p cover",2015,0,0
"868",868,1,1,0,1,"F",4,"p cover",2015,0,0
"869",869,1,1,0,1,"F",5,"p cover",2015,0,0
"870",870,1,1,0,1,"F",6,"p cover",2015,0,0
"871",871,1,0,1,1,"M",49,"p cover",2015,0,0
"872",872,1,0,1,1,"M",50,"p cover",2015,0.0135574229691877,0.00104287868993752
"873",873,1,0,1,1,"M",51,"p cover",2015,0,0
"874",874,1,1,1,1,"MF",52,"p cover",2015,0,0
"875",875,1,1,1,1,"MF",53,"p cover",2015,0,0
"876",876,1,1,1,1,"MF",54,"p cover",2015,0.0146034030192802,0.00112333869379078
"877",877,2,0,0,0,"C",7,"p cover",2015,0,0
"878",878,2,0,0,0,"C",8,"p cover",2015,0,0
"879",879,2,0,0,0,"C",9,"p cover",2015,0,0
"880",880,2,1,0,0,"F",10,"p cover",2015,0,0
"881",881,2,1,0,0,"F",11,"p cover",2015,0,0
"882",882,2,1,0,0,"F",12,"p cover",2015,0,0
"883",883,2,0,1,0,"M",55,"p cover",2015,0.0550332789475047,0.00423332914980805
"884",884,2,0,1,0,"M",56,"p cover",2015,0.132753086526566,0.0102117758866589
"885",885,2,0,1,0,"M",57,"p cover",2015,0.0819116920450972,0.0063008993880844
"886",886,2,1,1,0,"MF",58,"p cover",2015,0.14830174768344,0.01140782674488
"887",887,2,1,1,0,"MF",59,"p cover",2015,0.0548764119189709,0.00422126245530545
"888",888,2,1,1,0,"MF",60,"p cover",2015,0.0268984604739664,0.00206911234415126
"889",889,3,0,0,1,"C",13,"p cover",2015,0,0
"890",890,3,0,0,1,"C",14,"p cover",2015,0,0
"891",891,3,0,0,1,"C",15,"p cover",2015,0,0
"892",892,3,1,0,1,"F",16,"p cover",2015,0,0
"893",893,3,1,0,1,"F",17,"p cover",2015,0,0
"894",894,3,1,0,1,"F",18,"p cover",2015,0,0
"895",895,3,0,1,1,"M",61,"p cover",2015,0,0
"896",896,3,0,1,1,"M",62,"p cover",2015,0.0342558441903043,0.00263506493771572
"897",897,3,0,1,1,"M",63,"p cover",2015,0,0
"898",898,3,1,1,1,"MF",64,"p cover",2015,0.0202413310270983,0.00155702546362295
"899",899,3,1,1,1,"MF",65,"p cover",2015,0.0722012152679798,0.00555393963599845
"900",900,3,1,1,1,"MF",66,"p cover",2015,0,0
"901",901,4,0,0,0,"C",19,"p cover",2015,0.0197916666666667,0.0015224358974359
"902",902,4,0,0,0,"C",20,"p cover",2015,0,0
"903",903,4,0,0,0,"C",21,"p cover",2015,0.0331037122081898,0.00254643940062998
"904",904,4,1,0,0,"F",22,"p cover",2015,0,0
"905",905,4,1,0,0,"F",23,"p cover",2015,0,0
"906",906,4,1,0,0,"F",24,"p cover",2015,0,0
"907",907,4,0,1,0,"M",67,"p cover",2015,0.17733787593985,0.0136413750722962
"908",908,4,0,1,0,"M",68,"p cover",2015,0.270556574278063,0.0208120441752356
"909",909,4,0,1,0,"M",69,"p cover",2015,0.275356612518562,0.0211812778860432
"910",910,4,1,1,0,"MF",70,"p cover",2015,0.285966683493185,0.0219974371917835
"911",911,4,1,1,0,"MF",71,"p cover",2015,0.197810443027182,0.0152161879251678
"912",912,4,1,1,0,"MF",72,"p cover",2015,0.341885964912281,0.0262989203778678
"913",913,5,0,0,1,"C",25,"p cover",2015,0,0
"914",914,5,0,0,1,"C",26,"p cover",2015,0,0
"915",915,5,0,0,1,"C",27,"p cover",2015,0,0
"916",916,5,1,0,1,"F",28,"p cover",2015,0,0
"917",917,5,1,0,1,"F",29,"p cover",2015,0,0
"918",918,5,1,0,1,"F",30,"p cover",2015,0,0
"919",919,5,0,1,1,"M",73,"p cover",2015,0.148244742507038,0.0114034417313106
"920",920,5,0,1,1,"M",74,"p cover",2015,0.00639023721772245,0.000491556709055573
"921",921,5,0,1,1,"M",75,"p cover",2015,0,0
"922",922,5,1,1,1,"MF",76,"p cover",2015,0,0
"923",923,5,1,1,1,"MF",77,"p cover",2015,0,0
"924",924,5,1,1,1,"MF",78,"p cover",2015,0,0
"925",925,6,0,0,0,"C",31,"p cover",2015,0,0
"926",926,6,0,0,0,"C",32,"p cover",2015,0.104323308270677,0.00802486986697515
"927",927,6,0,0,0,"C",33,"p cover",2015,0,0
"928",928,6,1,0,0,"F",34,"p cover",2015,0,0
"929",929,6,1,0,0,"F",35,"p cover",2015,0.169083969465649,0.0130064591896653
"930",930,6,1,0,0,"F",36,"p cover",2015,0,0
"931",931,6,0,1,0,"M",79,"p cover",2015,0.243817842821751,0.0187552186785962
"932",932,6,0,1,0,"M",80,"p cover",2015,0.177626000942063,0.0136635385340049
"933",933,6,0,1,0,"M",81,"p cover",2015,0.546099290780142,0.0420076377523186
"934",934,6,1,1,0,"MF",82,"p cover",2015,0.222501003613007,0.0171154618163851
"935",935,6,1,1,0,"MF",83,"p cover",2015,0.128785848298043,0.00990660371523408
"936",936,6,1,1,0,"MF",84,"p cover",2015,0.0149324753013686,0.00114865194625912
"937",937,7,0,0,1,"C",37,"p cover",2015,0,0
"938",938,7,0,0,1,"C",38,"p cover",2015,0,0
"939",939,7,0,0,1,"C",39,"p cover",2015,0,0
"940",940,7,1,0,1,"F",40,"p cover",2015,0,0
"941",941,7,1,0,1,"F",41,"p cover",2015,0,0
"942",942,7,1,0,1,"F",42,"p cover",2015,0,0
"943",943,7,0,1,1,"M",85,"p cover",2015,0,0
"944",944,7,0,1,1,"M",86,"p cover",2015,0.08031482442484,0.00617806341729539
"945",945,7,0,1,1,"M",87,"p cover",2015,0,0
"946",946,7,1,1,1,"MF",88,"p cover",2015,0.195471485470589,0.0150362681131222
"947",947,7,1,1,1,"MF",89,"p cover",2015,0.25616257587754,0.0197048135290415
"948",948,7,1,1,1,"MF",90,"p cover",2015,0.0395724802504463,0.00304403694234202
"949",949,8,0,0,0,"C",43,"p cover",2015,0,0
"950",950,8,0,0,0,"C",44,"p cover",2015,0.513489736070381,0.0394992104669524
"951",951,8,0,0,0,"C",45,"p cover",2015,0.100173341848371,0.00770564168064396
"952",952,8,1,0,0,"F",46,"p cover",2015,0.0374269005847954,0.00287899235267657
"953",953,8,1,0,0,"F",47,"p cover",2015,1.00225225225225,0.0770963270963271
"954",954,8,1,0,0,"F",48,"p cover",2015,0.0405673641551568,0.0031205664734736
"955",955,8,0,1,0,"M",91,"p cover",2015,0.77859162953468,0.05989166381036
"956",956,8,0,1,0,"M",92,"p cover",2015,0.398520667892135,0.0306554359917027
"957",957,8,0,1,0,"M",93,"p cover",2015,0.239201406328478,0.0184001081791137
"958",958,8,1,1,0,"MF",94,"p cover",2015,0.336116152450091,0.025855088650007
"959",959,8,1,1,0,"MF",95,"p cover",2015,0.0713476259857998,0.0054882789219846
"960",960,8,1,1,0,"MF",96,"p cover",2015,0.591361314679102,0.0454893318983925
"961",961,1,0,0,1,"C",1,"p cover",2016,0,0
"962",962,1,0,0,1,"C",2,"p cover",2016,0,0
"963",963,1,0,0,1,"C",3,"p cover",2016,0,0
"964",964,1,1,0,1,"F",4,"p cover",2016,0,0
"965",965,1,1,0,1,"F",5,"p cover",2016,0,0
"966",966,1,1,0,1,"F",6,"p cover",2016,0,0
"967",967,1,0,1,1,"M",49,"p cover",2016,0,0
"968",968,1,0,1,1,"M",50,"p cover",2016,0.196493851778,0.0151149116752307
"969",969,1,0,1,1,"M",51,"p cover",2016,0,0
"970",970,1,1,1,1,"MF",52,"p cover",2016,0,0
"971",971,1,1,1,1,"MF",53,"p cover",2016,0,0
"972",972,1,1,1,1,"MF",54,"p cover",2016,0,0
"973",973,2,0,0,0,"C",7,"p cover",2016,0,0
"974",974,2,0,0,0,"C",8,"p cover",2016,0,0
"975",975,2,0,0,0,"C",9,"p cover",2016,0,0
"976",976,2,1,0,0,"F",10,"p cover",2016,0,0
"977",977,2,1,0,0,"F",11,"p cover",2016,0,0
"978",978,2,1,0,0,"F",12,"p cover",2016,0,0
"979",979,2,0,1,0,"M",55,"p cover",2016,0.0315085419576663,0.00242373399674356
"980",980,2,0,1,0,"M",56,"p cover",2016,0.376348683883414,0.0289498987602626
"981",981,2,0,1,0,"M",57,"p cover",2016,0.241414840693575,0.0185703723610442
"982",982,2,1,1,0,"MF",58,"p cover",2016,0,0
"983",983,2,1,1,0,"MF",59,"p cover",2016,0,0
"984",984,2,1,1,0,"MF",60,"p cover",2016,0.0108267996473232,0.000832830742101782
"985",985,3,0,0,1,"C",13,"p cover",2016,0,0
"986",986,3,0,0,1,"C",14,"p cover",2016,0,0
"987",987,3,0,0,1,"C",15,"p cover",2016,0,0
"988",988,3,1,0,1,"F",16,"p cover",2016,0,0
"989",989,3,1,0,1,"F",17,"p cover",2016,0,0
"990",990,3,1,0,1,"F",18,"p cover",2016,0,0
"991",991,3,0,1,1,"M",61,"p cover",2016,0,0
"992",992,3,0,1,1,"M",62,"p cover",2016,0,0
"993",993,3,0,1,1,"M",63,"p cover",2016,0,0
"994",994,3,1,1,1,"MF",64,"p cover",2016,0,0
"995",995,3,1,1,1,"MF",65,"p cover",2016,0,0
"996",996,3,1,1,1,"MF",60,"p cover",2016,0,0
"997",997,4,0,0,0,"C",19,"p cover",2016,0,0
"998",998,4,0,0,0,"C",20,"p cover",2016,0,0
"999",999,4,0,0,0,"C",21,"p cover",2016,0,0
"1000",1000,4,1,0,0,"F",22,"p cover",2016,0,0
"1001",1001,4,1,0,0,"F",23,"p cover",2016,0,0
"1002",1002,4,1,0,0,"F",24,"p cover",2016,0.0282662128946871,0.00217432406882208
"1003",1003,4,0,1,0,"M",67,"p cover",2016,0.0668115942028986,0.00513935340022297
"1004",1004,4,0,1,0,"M",68,"p cover",2016,0.0502282534446277,0.0038637118034329
"1005",1005,4,0,1,0,"M",69,"p cover",2016,0.327691470512115,0.0252070361932396
"1006",1006,4,1,1,0,"MF",70,"p cover",2016,0,0
"1007",1007,4,1,1,0,"MF",71,"p cover",2016,0.027277569316026,0.00209827456277123
"1008",1008,4,1,1,0,"MF",72,"p cover",2016,0.0495938725717286,0.00381491327474835
"1009",1009,5,0,0,1,"C",25,"p cover",2016,0,0
"1010",1010,5,0,0,1,"C",26,"p cover",2016,0,0
"1011",1011,5,0,0,1,"C",27,"p cover",2016,0,0
"1012",1012,5,1,0,1,"F",28,"p cover",2016,0,0
"1013",1013,5,1,0,1,"F",29,"p cover",2016,0,0
"1014",1014,5,1,0,1,"F",30,"p cover",2016,0,0
"1015",1015,5,0,1,1,"M",73,"p cover",2016,0.0382326007326007,0.00294096928712313
"1016",1016,5,0,1,1,"M",74,"p cover",2016,0.104166666666667,0.00801282051282054
"1017",1017,5,0,1,1,"M",75,"p cover",2016,0.00602428993702609,0.000463406918232776
"1018",1018,5,1,1,1,"MF",76,"p cover",2016,0,0
"1019",1019,5,1,1,1,"MF",77,"p cover",2016,0,0
"1020",1020,5,1,1,1,"MF",78,"p cover",2016,0,0
"1021",1021,6,0,0,0,"C",31,"p cover",2016,0,0
"1022",1022,6,0,0,0,"C",32,"p cover",2016,0,0
"1023",1023,6,0,0,0,"C",33,"p cover",2016,0,0
"1024",1024,6,1,0,0,"F",34,"p cover",2016,0.0196647096272194,0.00151266997132457
"1025",1025,6,1,0,0,"F",35,"p cover",2016,0,0
"1026",1026,6,1,0,0,"F",36,"p cover",2016,0,0
"1027",1027,6,0,1,0,"M",79,"p cover",2016,0.350473374863618,0.0269594903741245
"1028",1028,6,0,1,0,"M",80,"p cover",2016,0.267244816586922,0.0205572935836094
"1029",1029,6,0,1,0,"M",81,"p cover",2016,0.251874952169587,0.0193749963207375
"1030",1030,6,1,1,0,"MF",82,"p cover",2016,0.0761876842396703,0.00586059109535925
"1031",1031,6,1,1,0,"MF",83,"p cover",2016,0.0132123652399752,0.0010163357876904
"1032",1032,6,1,1,0,"MF",84,"p cover",2016,0.0179012345679012,0.00137701804368471
"1033",1033,7,0,0,1,"C",37,"p cover",2016,0,0
"1034",1034,7,0,0,1,"C",38,"p cover",2016,0,0
"1035",1035,7,0,0,1,"C",39,"p cover",2016,0,0
"1036",1036,7,1,0,1,"F",40,"p cover",2016,0,0
"1037",1037,7,1,0,1,"F",41,"p cover",2016,0,0
"1038",1038,7,1,0,1,"F",42,"p cover",2016,0,0
"1039",1039,7,0,1,1,"M",85,"p cover",2016,0,0
"1040",1040,7,0,1,1,"M",86,"p cover",2016,0.0603921568627451,0.00464555052790347
"1041",1041,7,0,1,1,"M",87,"p cover",2016,0.0338072831423895,0.00260056024172227
"1042",1042,7,1,1,1,"MF",88,"p cover",2016,0.00534214175026507,0.000410933980789621
"1043",1043,7,1,1,1,"MF",89,"p cover",2016,0.0650235300580469,0.00500181000446515
"1044",1044,7,1,1,1,"MF",90,"p cover",2016,0,0
"1045",1045,8,0,0,0,"C",43,"p cover",2016,0,0
"1046",1046,8,0,0,0,"C",44,"p cover",2016,0.0462538226299694,0.00355798635615149
"1047",1047,8,0,0,0,"C",45,"p cover",2016,0.264341085271318,0.0203339296362552
"1048",1048,8,1,0,0,"F",46,"p cover",2016,0.0748037555794982,0.00575413504457678
"1049",1049,8,1,0,0,"F",47,"p cover",2016,0.44009324009324,0.0338533261610185
"1050",1050,8,1,0,0,"F",48,"p cover",2016,0.0295207926130619,0.00227083020100476
"1051",1051,8,0,1,0,"M",91,"p cover",2016,0.748988299179003,0.057614484552231
"1052",1052,8,0,1,0,"M",92,"p cover",2016,0.379107475964988,0.0291621135357683
"1053",1053,8,0,1,0,"M",93,"p cover",2016,0.174413383226943,0.0134164140943802
"1054",1054,8,1,1,0,"MF",94,"p cover",2016,0.208942766295708,0.0160725204842852
"1055",1055,8,1,1,0,"MF",95,"p cover",2016,0.456488804048117,0.0351145233883167
"1056",1056,8,1,1,0,"MF",96,"p cover",2016,0.137746132208158,0.0105958563237044
"1057",1057,1,0,0,1,"C",1,"p cover",2017,0,0
"1058",1058,1,0,0,1,"C",2,"p cover",2017,0,0
"1059",1059,1,0,0,1,"C",3,"p cover",2017,0,0
"1060",1060,1,1,0,1,"F",4,"p cover",2017,0,0
"1061",1061,1,1,0,1,"F",5,"p cover",2017,0,0
"1062",1062,1,1,0,1,"F",6,"p cover",2017,0,0
"1063",1063,1,0,1,1,"M",49,"p cover",2017,0,0
"1064",1064,1,0,1,1,"M",50,"p cover",2017,0.00570237819601098,0.000438644476616229
"1065",1065,1,0,1,1,"M",51,"p cover",2017,0,0
"1066",1066,1,1,1,1,"MF",52,"p cover",2017,0,0
"1067",1067,1,1,1,1,"MF",53,"p cover",2017,0,0
"1068",1068,1,1,1,1,"MF",54,"p cover",2017,0.240618958457018,0.0185091506505398
"1069",1069,2,0,0,0,"C",7,"p cover",2017,0,0
"1070",1070,2,0,0,0,"C",8,"p cover",2017,0,0
"1071",1071,2,0,0,0,"C",9,"p cover",2017,0,0
"1072",1072,2,1,0,0,"F",10,"p cover",2017,0,0
"1073",1073,2,1,0,0,"F",11,"p cover",2017,0,0
"1074",1074,2,1,0,0,"F",12,"p cover",2017,0,0
"1075",1075,2,0,1,0,"M",55,"p cover",2017,0.0326259500013302,0.00250968846164078
"1076",1076,2,0,1,0,"M",56,"p cover",2017,0.367950457502697,0.0283038813463613
"1077",1077,2,0,1,0,"M",57,"p cover",2017,0.195133838774563,0.015010295290351
"1078",1078,2,1,1,0,"MF",58,"p cover",2017,0,0
"1079",1079,2,1,1,0,"MF",59,"p cover",2017,0,0
"1080",1080,2,1,1,0,"MF",60,"p cover",2017,0.0505553498704184,0.00388887306695526
"1081",1081,3,0,0,1,"C",13,"p cover",2017,0,0
"1082",1082,3,0,0,1,"C",14,"p cover",2017,0,0
"1083",1083,3,0,0,1,"C",15,"p cover",2017,0,0
"1084",1084,3,1,0,1,"F",16,"p cover",2017,0,0
"1085",1085,3,1,0,1,"F",17,"p cover",2017,0,0
"1086",1086,3,1,0,1,"F",18,"p cover",2017,0,0
"1087",1087,3,0,1,1,"M",61,"p cover",2017,0,0
"1088",1088,3,0,1,1,"M",62,"p cover",2017,0,0
"1089",1089,3,0,1,1,"M",63,"p cover",2017,0,0
"1090",1090,3,1,1,1,"MF",64,"p cover",2017,0,0
"1091",1091,3,1,1,1,"MF",65,"p cover",2017,0,0
"1092",1092,3,1,1,1,"MF",60,"p cover",2017,0,0
"1093",1093,4,0,0,0,"C",19,"p cover",2017,0,0
"1094",1094,4,0,0,0,"C",20,"p cover",2017,0,0
"1095",1095,4,0,0,0,"C",21,"p cover",2017,0,0
"1096",1096,4,1,0,0,"F",22,"p cover",2017,0,0
"1097",1097,4,1,0,0,"F",23,"p cover",2017,0,0
"1098",1098,4,1,0,0,"F",24,"p cover",2017,0.308333333333334,0.0237179487179487
"1099",1099,4,0,1,0,"M",67,"p cover",2017,0.226434426229508,0.0174180327868852
"1100",1100,4,0,1,0,"M",68,"p cover",2017,0.0763450804240843,0.00587269849416033
"1101",1101,4,0,1,0,"M",69,"p cover",2017,0.47494547138023,0.0365342670292485
"1102",1102,4,1,1,0,"MF",70,"p cover",2017,0.115464743589744,0.00888190335305723
"1103",1103,4,1,1,0,"MF",71,"p cover",2017,0.142467938068974,0.0109590721591519
"1104",1104,4,1,1,0,"MF",72,"p cover",2017,0.12312851497188,0.00947142422860617
"1105",1105,5,0,0,1,"C",25,"p cover",2017,0,0
"1106",1106,5,0,0,1,"C",26,"p cover",2017,0,0
"1107",1107,5,0,0,1,"C",27,"p cover",2017,0,0
"1108",1108,5,1,0,1,"F",28,"p cover",2017,0,0
"1109",1109,5,1,0,1,"F",29,"p cover",2017,0,0
"1110",1110,5,1,0,1,"F",30,"p cover",2017,0,0
"1111",1111,5,0,1,1,"M",73,"p cover",2017,0.0540904471544715,0.00416080362726704
"1112",1112,5,0,1,1,"M",74,"p cover",2017,0,0
"1113",1113,5,0,1,1,"M",75,"p cover",2017,0.0350237491053419,0.00269413454656476
"1114",1114,5,1,1,1,"MF",76,"p cover",2017,0,0
"1115",1115,5,1,1,1,"MF",77,"p cover",2017,0,0
"1116",1116,5,1,1,1,"MF",78,"p cover",2017,0,0
"1117",1117,6,0,0,0,"C",31,"p cover",2017,0,0
"1118",1118,6,0,0,0,"C",32,"p cover",2017,0,0
"1119",1119,6,0,0,0,"C",33,"p cover",2017,0,0
"1120",1120,6,1,0,0,"F",34,"p cover",2017,0,0
"1121",1121,6,1,0,0,"F",35,"p cover",2017,0,0
"1122",1122,6,1,0,0,"F",36,"p cover",2017,0,0
"1123",1123,6,0,1,0,"M",79,"p cover",2017,0.477707841594545,0.0367467570457342
"1124",1124,6,0,1,0,"M",80,"p cover",2017,0.234920634920635,0.0180708180708181
"1125",1125,6,0,1,0,"M",81,"p cover",2017,0.690298512759436,0.0530998855968797
"1126",1126,6,1,1,0,"MF",82,"p cover",2017,0.423596501903785,0.0325843463002912
"1127",1127,6,1,1,0,"MF",83,"p cover",2017,0.0852744373954487,0.00655957210734221
"1128",1128,6,1,1,0,"MF",84,"p cover",2017,0.0688831903793439,0.00529870695225722
"1129",1129,7,0,0,1,"C",37,"p cover",2017,0,0
"1130",1130,7,0,0,1,"C",38,"p cover",2017,0,0
"1131",1131,7,0,0,1,"C",39,"p cover",2017,0,0
"1132",1132,7,1,0,1,"F",40,"p cover",2017,0,0
"1133",1133,7,1,0,1,"F",41,"p cover",2017,0,0
"1134",1134,7,1,0,1,"F",42,"p cover",2017,0,0
"1135",1135,7,0,1,1,"M",85,"p cover",2017,0.115988664653848,0.00892220497337292
"1136",1136,7,0,1,1,"M",86,"p cover",2017,0.0271564024670901,0.00208895403593001
"1137",1137,7,0,1,1,"M",87,"p cover",2017,0.15059746824218,0.0115844206340138
"1138",1138,7,1,1,1,"MF",88,"p cover",2017,0,0
"1139",1139,7,1,1,1,"MF",89,"p cover",2017,0.0178498985801217,0.00137306912154782
"1140",1140,7,1,1,1,"MF",90,"p cover",2017,0,0
"1141",1141,8,0,0,0,"C",43,"p cover",2017,0,0
"1142",1142,8,0,0,0,"C",44,"p cover",2017,0.162496856927332,0.0124997582251794
"1143",1143,8,0,0,0,"C",45,"p cover",2017,0.388079573934837,0.0298522749180644
"1144",1144,8,1,0,0,"F",46,"p cover",2017,0.242676534073389,0.018667425697953
"1145",1145,8,1,0,0,"F",47,"p cover",2017,0.381571192833569,0.0293516302179669
"1146",1146,8,1,0,0,"F",48,"p cover",2017,0,0
"1147",1147,8,0,1,0,"M",91,"p cover",2017,0.108055837254022,0.00831198748107862
"1148",1148,8,0,1,0,"M",92,"p cover",2017,0.219689866570501,0.0168992205054231
"1149",1149,8,0,1,0,"M",93,"p cover",2017,0.315850467289719,0.0242961897915169
"1150",1150,8,1,1,0,"MF",94,"p cover",2017,0.0961671990001388,0.00739747684616452
"1151",1151,8,1,1,0,"MF",95,"p cover",2017,0.0902597402597403,0.00694305694305695
"1152",1152,8,1,1,0,"MF",96,"p cover",2017,0.757746208023846,0.0582881698479881
