"","BLOCK","Fertilizer","Mowing","Ditch","treatment","QUADRAT..","DATA.TYPE","Year","wet_alpha","wet_H","wet_D1","wet_J"
"1",1,0,0,1,"C",1,"p cover",2004,2,0.442844469664708,0.271407497950203,0.638889520270377
"2",1,0,0,1,"C",2,"p cover",2004,0,0,1,0
"3",1,0,0,1,"C",3,"p cover",2004,1,0,0,NA
"4",1,1,0,1,"F",4,"p cover",2004,0,0,1,0
"5",1,1,0,1,"F",5,"p cover",2004,0,0,1,0
"6",1,1,0,1,"F",6,"p cover",2004,0,0,1,0
"7",1,0,1,1,"M",49,"p cover",2004,0,0,1,0
"8",1,0,1,1,"M",50,"p cover",2004,0,0,1,0
"9",1,0,1,1,"M",51,"p cover",2004,0,0,1,0
"10",1,1,1,1,"MF",52,"p cover",2004,0,0,1,0
"11",1,1,1,1,"MF",53,"p cover",2004,1,0,0,NA
"12",1,1,1,1,"MF",54,"p cover",2004,0,0,1,0
"13",2,0,0,0,"C",7,"p cover",2004,2,0.643058877098487,0.4507537341313,0.927737852989612
"14",2,0,0,0,"C",8,"p cover",2004,2,0.597975181707055,0.40788789294281,0.862695829223446
"15",2,0,0,0,"C",9,"p cover",2004,1,0,0,NA
"16",2,1,0,0,"F",10,"p cover",2004,1,0,0,NA
"17",2,1,0,0,"F",11,"p cover",2004,1,0,0,NA
"18",2,1,0,0,"F",12,"p cover",2004,3,1.09115255161531,0.661694389480691,0.993209854714216
"19",2,0,1,0,"M",55,"p cover",2004,2,0.374851562039962,0.217272534823022,0.540796489624535
"20",2,0,1,0,"M",56,"p cover",2004,3,0.805048082374321,0.460582564269761,0.73278634389782
"21",2,0,1,0,"M",57,"p cover",2004,4,1.02774023975149,0.57914251107311,0.741357873605756
"22",2,1,1,0,"MF",58,"p cover",2004,0,0,1,0
"23",2,1,1,0,"MF",59,"p cover",2004,3,0.70254092941433,0.391530454839075,0.6394803122638
"24",2,1,1,0,"MF",60,"p cover",2004,0,0,1,0
"25",3,0,0,1,"C",13,"p cover",2004,0,0,1,0
"26",3,0,0,1,"C",14,"p cover",2004,0,0,1,0
"27",3,0,0,1,"C",15,"p cover",2004,0,0,1,0
"28",3,1,0,1,"F",16,"p cover",2004,2,0.520516861997515,0.337559223170055,0.7509470955029
"29",3,1,0,1,"F",17,"p cover",2004,0,0,1,0
"30",3,1,0,1,"F",18,"p cover",2004,1,0,0,NA
"31",3,0,1,1,"M",61,"p cover",2004,0,0,1,0
"32",3,0,1,1,"M",62,"p cover",2004,1,0,0,NA
"33",3,0,1,1,"M",63,"p cover",2004,0,0,1,0
"34",3,1,1,1,"MF",64,"p cover",2004,0,0,1,0
"35",3,1,1,1,"MF",65,"p cover",2004,0,0,1,0
"36",3,1,1,1,"MF",66,"p cover",2004,0,0,1,0
"37",4,0,0,0,"C",19,"p cover",2004,3,0.476278896921248,0.234515365789725,0.43352773479228
"38",4,0,0,0,"C",20,"p cover",2004,2,0.378685369533442,0.220227808854492,0.546327504683102
"39",4,0,0,0,"C",21,"p cover",2004,2,0.689589023043752,0.496446064651829,0.994866663796687
"40",4,1,0,0,"F",22,"p cover",2004,2,0.660987133258475,0.468186216243044,0.953602859243414
"41",4,1,0,0,"F",23,"p cover",2004,2,0.337467358860116,0.189082896338417,0.486862485089386
"42",4,1,0,0,"F",24,"p cover",2004,1,0,0,NA
"43",4,0,1,0,"M",67,"p cover",2004,2,0.170470424396201,0.0782661325488987,0.245936835894636
"44",4,0,1,0,"M",68,"p cover",2004,2,0.691740698538105,0.498594177499147,0.997970875361991
"45",4,0,1,0,"M",69,"p cover",2004,3,0.889854517041068,0.55898566871789,0.809980487401859
"46",4,1,1,0,"MF",70,"p cover",2004,3,0.851752256265076,0.518813192888286,0.775298315020386
"47",4,1,1,0,"MF",71,"p cover",2004,3,0.831123703493844,0.533459659667896,0.75652139709947
"48",4,1,1,0,"MF",72,"p cover",2004,3,0.648511030877273,0.3727585511216,0.590300179204702
"49",5,0,0,1,"C",25,"p cover",2004,0,0,1,0
"50",5,0,0,1,"C",26,"p cover",2004,0,0,1,0
"51",5,0,0,1,"C",27,"p cover",2004,0,0,1,0
"52",5,1,0,1,"F",28,"p cover",2004,4,1.24641636165036,0.674060853096252,0.899099351917921
"53",5,1,0,1,"F",29,"p cover",2004,1,0,0,NA
"54",5,1,0,1,"F",30,"p cover",2004,2,0.685207213320642,0.492081069473512,0.988545048639036
"55",5,0,1,1,"M",73,"p cover",2004,1,0,0,NA
"56",5,0,1,1,"M",74,"p cover",2004,0,0,1,0
"57",5,0,1,1,"M",75,"p cover",2004,0,0,1,0
"58",5,1,1,1,"MF",76,"p cover",2004,1,0,0,NA
"59",5,1,1,1,"MF",77,"p cover",2004,1,0,0,NA
"60",5,1,1,1,"MF",78,"p cover",2004,0,0,1,0
"61",6,0,0,0,"C",31,"p cover",2004,2,0.146190734274044,0.0644699393557755,0.21090864736108
"62",6,0,0,0,"C",32,"p cover",2004,3,0.626707036068043,0.353439694130592,0.570453327832173
"63",6,0,0,0,"C",33,"p cover",2004,4,0.72654033431098,0.369557858008292,0.52408806865813
"64",6,1,0,0,"F",34,"p cover",2004,6,1.59671433254828,0.754185999413275,0.891143236561875
"65",6,1,0,0,"F",35,"p cover",2004,4,0.850940655736492,0.430707917224855,0.61382393206092
"66",6,1,0,0,"F",36,"p cover",2004,5,1.4800007526634,0.748096690311718,0.919576170804289
"67",6,0,1,0,"M",79,"p cover",2004,4,0.393360609433927,0.183292042157757,0.283749700255694
"68",6,0,1,0,"M",80,"p cover",2004,4,0.878384530389289,0.478988327926991,0.633620502993104
"69",6,0,1,0,"M",81,"p cover",2004,4,0.969106097817284,0.568296075404339,0.699062280708125
"70",6,1,1,0,"MF",82,"p cover",2004,3,0.709809608085286,0.429097856388174,0.64609654871585
"71",6,1,1,0,"MF",83,"p cover",2004,5,1.18279788538754,0.607883436756526,0.734913646714513
"72",6,1,1,0,"MF",84,"p cover",2004,3,0.85960686862745,0.533435253957669,0.782447891302567
"73",7,0,0,1,"C",37,"p cover",2004,0,0,1,0
"74",7,0,0,1,"C",38,"p cover",2004,1,0,0,NA
"75",7,0,0,1,"C",39,"p cover",2004,0,0,1,0
"76",7,1,0,1,"F",40,"p cover",2004,1,0,0,NA
"77",7,1,0,1,"F",41,"p cover",2004,0,0,1,0
"78",7,1,0,1,"F",42,"p cover",2004,0,0,1,0
"79",7,0,1,1,"M",85,"p cover",2004,0,0,1,0
"80",7,0,1,1,"M",86,"p cover",2004,0,0,1,0
"81",7,0,1,1,"M",87,"p cover",2004,1,0,0,NA
"82",7,1,1,1,"MF",88,"p cover",2004,2,0.673157234100195,0.480143612169559,0.971160603374882
"83",7,1,1,1,"MF",89,"p cover",2004,4,0.84558102140483,0.453234308809526,0.609957773125286
"84",7,1,1,1,"MF",90,"p cover",2004,3,0.85606290537151,0.545781647763119,0.779222036929286
"85",8,0,0,0,"C",43,"p cover",2004,3,0.786199149512684,0.444904025182142,0.715629305827103
"86",8,0,0,0,"C",44,"p cover",2004,3,0.265671143916015,0.119847791685288,0.24182429657518
"87",8,0,0,0,"C",45,"p cover",2004,3,0.620225269749451,0.383488307308551,0.564553369871162
"88",8,1,0,0,"F",46,"p cover",2004,1,0,0,NA
"89",8,1,0,0,"F",47,"p cover",2004,5,1.2607656270098,0.662478445927112,0.783357728353143
"90",8,1,0,0,"F",48,"p cover",2004,4,1.17054621174425,0.636977179294588,0.844370607407399
"91",8,0,1,0,"M",91,"p cover",2004,3,0.861981182203456,0.532670481444036,0.784609084655761
"92",8,0,1,0,"M",92,"p cover",2004,4,0.892786389933856,0.527355329648397,0.644009248665367
"93",8,0,1,0,"M",93,"p cover",2004,4,1.07321622579198,0.612630135758033,0.774161863375831
"94",8,1,1,0,"MF",94,"p cover",2004,5,1.31618362150212,0.672084139081162,0.817790864334451
"95",8,1,1,0,"MF",95,"p cover",2004,5,1.19821389427058,0.617921177652139,0.744492151585031
"96",8,1,1,0,"MF",96,"p cover",2004,5,1.24413109697771,0.63340840053478,0.773022113724226
"97",1,0,0,1,"C",1,"p cover",2005,1,0,0,NA
"98",1,0,0,1,"C",2,"p cover",2005,0,0,1,0
"99",1,0,0,1,"C",3,"p cover",2005,2,0.397881233517069,0.235201660207761,0.574021282457859
"100",1,1,0,1,"F",4,"p cover",2005,0,0,1,0
"101",1,1,0,1,"F",5,"p cover",2005,0,0,1,0
"102",1,1,0,1,"F",6,"p cover",2005,0,0,1,0
"103",1,0,1,1,"M",49,"p cover",2005,0,0,1,0
"104",1,0,1,1,"M",50,"p cover",2005,1,0,0,NA
"105",1,0,1,1,"M",51,"p cover",2005,0,0,1,0
"106",1,1,1,1,"MF",52,"p cover",2005,0,0,1,0
"107",1,1,1,1,"MF",53,"p cover",2005,0,0,1,0
"108",1,1,1,1,"MF",54,"p cover",2005,0,0,1,0
"109",2,0,0,0,"C",7,"p cover",2005,2,0.668978978256438,0.476027134968476,0.965132654389529
"110",2,0,0,0,"C",8,"p cover",2005,2,0.636514168294813,0.444444444444444,0.918295834054489
"111",2,0,0,0,"C",9,"p cover",2005,0,0,1,0
"112",2,1,0,0,"F",10,"p cover",2005,1,0,0,NA
"113",2,1,0,0,"F",11,"p cover",2005,0,0,1,0
"114",2,1,0,0,"F",12,"p cover",2005,2,0.6881343907252,0.494995591800963,0.992768072964395
"115",2,0,1,0,"M",55,"p cover",2005,2,0.306186820434537,0.166392341132594,0.441734207426466
"116",2,0,1,0,"M",56,"p cover",2005,2,0.402071014974659,0.238508802922877,0.580065859389132
"117",2,0,1,0,"M",57,"p cover",2005,5,0.7829530922769,0.357737646440005,0.486476108353113
"118",2,1,1,0,"MF",58,"p cover",2005,0,0,1,0
"119",2,1,1,0,"MF",59,"p cover",2005,2,0.615319166980152,0.42421303746713,0.887717910766193
"120",2,1,1,0,"MF",60,"p cover",2005,2,0.593627168587875,0.403828017535563,0.856422972258684
"121",3,0,0,1,"C",13,"p cover",2005,0,0,1,0
"122",3,0,0,1,"C",14,"p cover",2005,1,0,0,NA
"123",3,0,0,1,"C",15,"p cover",2005,0,0,1,0
"124",3,1,0,1,"F",16,"p cover",2005,0,0,1,0
"125",3,1,0,1,"F",17,"p cover",2005,1,0,0,NA
"126",3,1,0,1,"F",18,"p cover",2005,0,0,1,0
"127",3,0,1,1,"M",61,"p cover",2005,0,0,1,0
"128",3,0,1,1,"M",62,"p cover",2005,0,0,1,0
"129",3,0,1,1,"M",63,"p cover",2005,1,0,0,NA
"130",3,1,1,1,"MF",64,"p cover",2005,0,0,1,0
"131",3,1,1,1,"MF",65,"p cover",2005,0,0,1,0
"132",3,1,1,1,"MF",66,"p cover",2005,1,0,0,NA
"133",4,0,0,0,"C",19,"p cover",2005,1,0,0,NA
"134",4,0,0,0,"C",20,"p cover",2005,1,0,0,NA
"135",4,0,0,0,"C",21,"p cover",2005,2,0.413184503149842,0.247347904568215,0.596099233666448
"136",4,1,0,0,"F",22,"p cover",2005,1,0,0,NA
"137",4,1,0,0,"F",23,"p cover",2005,3,0.666220661436701,0.361213036181201,0.606420179628962
"138",4,1,0,0,"F",24,"p cover",2005,2,0.661642704775998,0.468827784661815,0.954548649020693
"139",4,0,1,0,"M",67,"p cover",2005,1,0,0,NA
"140",4,0,1,0,"M",68,"p cover",2005,2,0.368709434763337,0.212562621997094,0.531935273062038
"141",4,0,1,0,"M",69,"p cover",2005,2,0.504160991579068,0.323258659154842,0.727350562360783
"142",4,1,1,0,"MF",70,"p cover",2005,3,0.619939263454955,0.327197304717246,0.564293035722849
"143",4,1,1,0,"MF",71,"p cover",2005,1,0,0,NA
"144",4,1,1,0,"MF",72,"p cover",2005,3,0.63152316702862,0.345310985087167,0.574837159153062
"145",5,0,0,1,"C",25,"p cover",2005,0,0,1,0
"146",5,0,0,1,"C",26,"p cover",2005,0,0,1,0
"147",5,0,0,1,"C",27,"p cover",2005,0,0,1,0
"148",5,1,0,1,"F",28,"p cover",2005,1,0,0,NA
"149",5,1,0,1,"F",29,"p cover",2005,1,0,0,NA
"150",5,1,0,1,"F",30,"p cover",2005,1,0,0,NA
"151",5,0,1,1,"M",73,"p cover",2005,1,0,0,NA
"152",5,0,1,1,"M",74,"p cover",2005,0,0,1,0
"153",5,0,1,1,"M",75,"p cover",2005,0,0,1,0
"154",5,1,1,1,"MF",76,"p cover",2005,1,0,0,NA
"155",5,1,1,1,"MF",77,"p cover",2005,0,0,1,0
"156",5,1,1,1,"MF",78,"p cover",2005,0,0,1,0
"157",6,0,0,0,"C",31,"p cover",2005,3,0.987808296279667,0.587527565599714,0.899141859661178
"158",6,0,0,0,"C",32,"p cover",2005,4,1.13858216316909,0.611013782889947,0.821313420224336
"159",6,0,0,0,"C",33,"p cover",2005,2,0.676648904918398,0.483592656963967,0.976198019548721
"160",6,1,0,0,"F",34,"p cover",2005,5,1.46756287307346,0.741261127788417,0.911848081703213
"161",6,1,0,0,"F",35,"p cover",2005,5,1.25070411527261,0.648307530710862,0.777106159616342
"162",6,1,0,0,"F",36,"p cover",2005,5,1.16371758779998,0.573547089491437,0.723058391261568
"163",6,0,1,0,"M",79,"p cover",2005,2,0.177653776565136,0.082472877478197,0.256300222445718
"164",6,0,1,0,"M",80,"p cover",2005,1,0,0,NA
"165",6,0,1,0,"M",81,"p cover",2005,3,0.373905761502166,0.174648677665977,0.34034369118105
"166",6,1,1,0,"MF",82,"p cover",2005,4,1.13344813420159,0.604075488813721,0.817610001158739
"167",6,1,1,0,"MF",83,"p cover",2005,3,0.71947157176295,0.395351110287446,0.654891247061502
"168",6,1,1,0,"MF",84,"p cover",2005,4,0.814998129716642,0.418177413826509,0.58789688003799
"169",7,0,0,1,"C",37,"p cover",2005,0,0,1,0
"170",7,0,0,1,"C",38,"p cover",2005,0,0,1,0
"171",7,0,0,1,"C",39,"p cover",2005,0,0,1,0
"172",7,1,0,1,"F",40,"p cover",2005,2,0.693147180559945,0.5,1
"173",7,1,0,1,"F",41,"p cover",2005,0,0,1,0
"174",7,1,0,1,"F",42,"p cover",2005,0,0,1,0
"175",7,0,1,1,"M",85,"p cover",2005,1,0,0,NA
"176",7,0,1,1,"M",86,"p cover",2005,0,0,1,0
"177",7,0,1,1,"M",87,"p cover",2005,1,0,0,NA
"178",7,1,1,1,"MF",88,"p cover",2005,2,0.394359542731675,0.232432592777059,0.568940556626226
"179",7,1,1,1,"MF",89,"p cover",2005,2,0.245898655400002,0.125081081241812,0.354756770706848
"180",7,1,1,1,"MF",90,"p cover",2005,2,0.643437304741477,0.451119442117871,0.928283808673489
"181",8,0,0,0,"C",43,"p cover",2005,3,1.06919262943938,0.646713240997373,0.973221072136014
"182",8,0,0,0,"C",44,"p cover",2005,3,1.04829829519835,0.633380946564899,0.954202229495578
"183",8,0,0,0,"C",45,"p cover",2005,4,0.549308706317744,0.267290912995301,0.396242473260871
"184",8,1,0,0,"F",46,"p cover",2005,0,0,1,0
"185",8,1,0,0,"F",47,"p cover",2005,6,1.24015054092888,0.627788301323931,0.692141195415685
"186",8,1,0,0,"F",48,"p cover",2005,4,1.03254305223806,0.552614135829664,0.744822370484098
"187",8,0,1,0,"M",91,"p cover",2005,3,0.877524742455293,0.53646607862993,0.79875744291842
"188",8,0,1,0,"M",92,"p cover",2005,4,0.600255600940765,0.298269502528068,0.432992889371533
"189",8,0,1,0,"M",93,"p cover",2005,5,1.24865219662735,0.660152302680512,0.775831230879171
"190",8,1,1,0,"MF",94,"p cover",2005,5,1.27975068204334,0.667504525468069,0.795153806280016
"191",8,1,1,0,"MF",95,"p cover",2005,4,0.83541803437675,0.434095703621366,0.602626727632272
"192",8,1,1,0,"MF",96,"p cover",2005,4,1.09615869710615,0.635199868254482,0.790711358171177
"193",1,0,0,1,"C",1,"p cover",2006,1,0,0,NA
"194",1,0,0,1,"C",2,"p cover",2006,0,0,1,0
"195",1,0,0,1,"C",3,"p cover",2006,0,0,1,0
"196",1,1,0,1,"F",4,"p cover",2006,0,0,1,0
"197",1,1,0,1,"F",5,"p cover",2006,0,0,1,0
"198",1,1,0,1,"F",6,"p cover",2006,0,0,1,0
"199",1,0,1,1,"M",49,"p cover",2006,0,0,1,0
"200",1,0,1,1,"M",50,"p cover",2006,1,0,0,NA
"201",1,0,1,1,"M",51,"p cover",2006,0,0,1,0
"202",1,1,1,1,"MF",52,"p cover",2006,0,0,1,0
"203",1,1,1,1,"MF",53,"p cover",2006,0,0,1,0
"204",1,1,1,1,"MF",54,"p cover",2006,0,0,1,0
"205",2,0,0,0,"C",7,"p cover",2006,0,0,1,0
"206",2,0,0,0,"C",8,"p cover",2006,1,0,0,NA
"207",2,0,0,0,"C",9,"p cover",2006,1,0,0,NA
"208",2,1,0,0,"F",10,"p cover",2006,0,0,1,0
"209",2,1,0,0,"F",11,"p cover",2006,1,0,0,NA
"210",2,1,0,0,"F",12,"p cover",2006,0,0,1,0
"211",2,0,1,0,"M",55,"p cover",2006,1,0,0,NA
"212",2,0,1,0,"M",56,"p cover",2006,1,0,0,NA
"213",2,0,1,0,"M",57,"p cover",2006,2,0.345916527460429,0.19535334874369,0.499052058728692
"214",2,1,1,0,"MF",58,"p cover",2006,0,0,1,0
"215",2,1,1,0,"MF",59,"p cover",2006,1,0,0,NA
"216",2,1,1,0,"MF",60,"p cover",2006,1,0,0,NA
"217",3,0,0,1,"C",13,"p cover",2006,1,0,0,NA
"218",3,0,0,1,"C",14,"p cover",2006,0,0,1,0
"219",3,0,0,1,"C",15,"p cover",2006,0,0,1,0
"220",3,1,0,1,"F",16,"p cover",2006,2,0.625646612542776,0.434032455911038,0.902617265264442
"221",3,1,0,1,"F",17,"p cover",2006,1,0,0,NA
"222",3,1,0,1,"F",18,"p cover",2006,1,0,0,NA
"223",3,0,1,1,"M",61,"p cover",2006,0,0,1,0
"224",3,0,1,1,"M",62,"p cover",2006,0,0,1,0
"225",3,0,1,1,"M",63,"p cover",2006,0,0,1,0
"226",3,1,1,1,"MF",64,"p cover",2006,0,0,1,0
"227",3,1,1,1,"MF",65,"p cover",2006,0,0,1,0
"228",3,1,1,1,"MF",66,"p cover",2006,0,0,1,0
"229",4,0,0,0,"C",19,"p cover",2006,1,0,0,NA
"230",4,0,0,0,"C",20,"p cover",2006,0,0,1,0
"231",4,0,0,0,"C",21,"p cover",2006,0,0,1,0
"232",4,1,0,0,"F",22,"p cover",2006,3,0.711158790598148,0.389252208960562,0.647324627562935
"233",4,1,0,0,"F",23,"p cover",2006,2,0.672137972691197,0.479138338449501,0.969690119994752
"234",4,1,0,0,"F",24,"p cover",2006,2,0.404655689458336,0.240555874748635,0.583794756449046
"235",4,0,1,0,"M",67,"p cover",2006,1,0,0,NA
"236",4,0,1,0,"M",68,"p cover",2006,1,0,0,NA
"237",4,0,1,0,"M",69,"p cover",2006,1,0,0,NA
"238",4,1,1,0,"MF",70,"p cover",2006,1,0,0,NA
"239",4,1,1,0,"MF",71,"p cover",2006,1,0,0,NA
"240",4,1,1,0,"MF",72,"p cover",2006,2,0.54020414238886,0.355029585798816,0.779349837292084
"241",5,0,0,1,"C",25,"p cover",2006,0,0,1,0
"242",5,0,0,1,"C",26,"p cover",2006,0,0,1,0
"243",5,0,0,1,"C",27,"p cover",2006,0,0,1,0
"244",5,1,0,1,"F",28,"p cover",2006,0,0,1,0
"245",5,1,0,1,"F",29,"p cover",2006,0,0,1,0
"246",5,1,0,1,"F",30,"p cover",2006,0,0,1,0
"247",5,0,1,1,"M",73,"p cover",2006,0,0,1,0
"248",5,0,1,1,"M",74,"p cover",2006,0,0,1,0
"249",5,0,1,1,"M",75,"p cover",2006,0,0,1,0
"250",5,1,1,1,"MF",76,"p cover",2006,1,0,0,NA
"251",5,1,1,1,"MF",77,"p cover",2006,0,0,1,0
"252",5,1,1,1,"MF",78,"p cover",2006,0,0,1,0
"253",6,0,0,0,"C",31,"p cover",2006,1,0,0,NA
"254",6,0,0,0,"C",32,"p cover",2006,2,0.150504271487828,0.0668721738869054,0.217131766108095
"255",6,0,0,0,"C",33,"p cover",2006,1,0,0,NA
"256",6,1,0,0,"F",34,"p cover",2006,5,1.19991745622951,0.660900686258751,0.745550634143296
"257",6,1,0,0,"F",35,"p cover",2006,4,0.959970258838288,0.50098523038558,0.692472165913446
"258",6,1,0,0,"F",36,"p cover",2006,3,0.977527902913619,0.585020599545238,0.889784242354247
"259",6,0,1,0,"M",79,"p cover",2006,2,0.0547758310871419,0.0192785850097723,0.0790248198699911
"260",6,0,1,0,"M",80,"p cover",2006,2,0.117467877841212,0.049041163697475,0.169470324825267
"261",6,0,1,0,"M",81,"p cover",2006,2,0.079031907499187,0.0300838976379696,0.114018941021072
"262",6,1,1,0,"MF",82,"p cover",2006,3,0.995288547548974,0.592782891997806,0.905950677791526
"263",6,1,1,0,"MF",83,"p cover",2006,4,1.1089098226861,0.608505980448178,0.799909350991145
"264",6,1,1,0,"MF",84,"p cover",2006,3,0.740804383753679,0.425660519858815,0.674309209349719
"265",7,0,0,1,"C",37,"p cover",2006,0,0,1,0
"266",7,0,0,1,"C",38,"p cover",2006,0,0,1,0
"267",7,0,0,1,"C",39,"p cover",2006,0,0,1,0
"268",7,1,0,1,"F",40,"p cover",2006,0,0,1,0
"269",7,1,0,1,"F",41,"p cover",2006,0,0,1,0
"270",7,1,0,1,"F",42,"p cover",2006,0,0,1,0
"271",7,0,1,1,"M",85,"p cover",2006,0,0,1,0
"272",7,0,1,1,"M",86,"p cover",2006,0,0,1,0
"273",7,0,1,1,"M",87,"p cover",2006,0,0,1,0
"274",7,1,1,1,"MF",88,"p cover",2006,2,0.376770161256437,0.21875,0.543564443199597
"275",7,1,1,1,"MF",89,"p cover",2006,1,0,0,NA
"276",7,1,1,1,"MF",90,"p cover",2006,1,0,0,NA
"277",8,0,0,0,"C",43,"p cover",2006,0,0,1,0
"278",8,0,0,0,"C",44,"p cover",2006,3,0.430830945721778,0.208303519610301,0.3921592268407
"279",8,0,0,0,"C",45,"p cover",2006,5,0.849355187216312,0.414207927421852,0.527734049666914
"280",8,1,0,0,"F",46,"p cover",2006,2,0.211173984325176,0.102819845965509,0.304659659950695
"281",8,1,0,0,"F",47,"p cover",2006,3,1.05361047242989,0.639233828423018,0.959037581590524
"282",8,1,0,0,"F",48,"p cover",2006,5,1.10216592851187,0.57765010054582,0.684814195065755
"283",8,0,1,0,"M",91,"p cover",2006,4,1.11260932007185,0.609686875594563,0.802577974257247
"284",8,0,1,0,"M",92,"p cover",2006,3,0.382761415339517,0.179468000093563,0.348404454681236
"285",8,0,1,0,"M",93,"p cover",2006,4,0.759196818563775,0.394634441683536,0.547644742600318
"286",8,1,1,0,"MF",94,"p cover",2006,3,0.951341477269645,0.586131681543756,0.865948330527955
"287",8,1,1,0,"MF",95,"p cover",2006,7,1.40991372998217,0.711734359847338,0.72455232872219
"288",8,1,1,0,"MF",96,"p cover",2006,5,0.835950336687489,0.401686028136753,0.519405147740807
"289",1,0,0,1,"C",1,"p cover",2007,0,0,1,0
"290",1,0,0,1,"C",2,"p cover",2007,0,0,1,0
"291",1,0,0,1,"C",3,"p cover",2007,0,0,1,0
"292",1,1,0,1,"F",4,"p cover",2007,0,0,1,0
"293",1,1,0,1,"F",5,"p cover",2007,0,0,1,0
"294",1,1,0,1,"F",6,"p cover",2007,0,0,1,0
"295",1,0,1,1,"M",49,"p cover",2007,0,0,1,0
"296",1,0,1,1,"M",50,"p cover",2007,1,0,0,NA
"297",1,0,1,1,"M",51,"p cover",2007,0,0,1,0
"298",1,1,1,1,"MF",52,"p cover",2007,0,0,1,0
"299",1,1,1,1,"MF",53,"p cover",2007,0,0,1,0
"300",1,1,1,1,"MF",54,"p cover",2007,0,0,1,0
"301",2,0,0,0,"C",7,"p cover",2007,1,0,0,NA
"302",2,0,0,0,"C",8,"p cover",2007,0,0,1,0
"303",2,0,0,0,"C",9,"p cover",2007,3,0.969005360881877,0.578519761920411,0.882026690286379
"304",2,1,0,0,"F",10,"p cover",2007,0,0,1,0
"305",2,1,0,0,"F",11,"p cover",2007,0,0,1,0
"306",2,1,0,0,"F",12,"p cover",2007,0,0,1,0
"307",2,0,1,0,"M",55,"p cover",2007,2,0.209138942135799,0.101551823804145,0.301723714676081
"308",2,0,1,0,"M",56,"p cover",2007,2,0.461709734327769,0.287060750296422,0.666106344044833
"309",2,0,1,0,"M",57,"p cover",2007,3,0.667783488635649,0.420883493528851,0.607842726249884
"310",2,1,1,0,"MF",58,"p cover",2007,0,0,1,0
"311",2,1,1,0,"MF",59,"p cover",2007,2,0.373936554609722,0.216568955473536,0.539476412942552
"312",2,1,1,0,"MF",60,"p cover",2007,2,0.693147180559945,0.5,1
"313",3,0,0,1,"C",13,"p cover",2007,1,0,0,NA
"314",3,0,0,1,"C",14,"p cover",2007,0,0,1,0
"315",3,0,0,1,"C",15,"p cover",2007,0,0,1,0
"316",3,1,0,1,"F",16,"p cover",2007,0,0,1,0
"317",3,1,0,1,"F",17,"p cover",2007,0,0,1,0
"318",3,1,0,1,"F",18,"p cover",2007,0,0,1,0
"319",3,0,1,1,"M",61,"p cover",2007,0,0,1,0
"320",3,0,1,1,"M",62,"p cover",2007,1,0,0,NA
"321",3,0,1,1,"M",63,"p cover",2007,0,0,1,0
"322",3,1,1,1,"MF",64,"p cover",2007,0,0,1,0
"323",3,1,1,1,"MF",65,"p cover",2007,0,0,1,0
"324",3,1,1,1,"MF",66,"p cover",2007,0,0,1,0
"325",4,0,0,0,"C",19,"p cover",2007,0,0,1,0
"326",4,0,0,0,"C",20,"p cover",2007,0,0,1,0
"327",4,0,0,0,"C",21,"p cover",2007,1,0,0,NA
"328",4,1,0,0,"F",22,"p cover",2007,0,0,1,0
"329",4,1,0,0,"F",23,"p cover",2007,0,0,1,0
"330",4,1,0,0,"F",24,"p cover",2007,0,0,1,0
"331",4,0,1,0,"M",67,"p cover",2007,1,0,0,NA
"332",4,0,1,0,"M",68,"p cover",2007,2,0.187546578656348,0.0883566328182428,0.270572518963205
"333",4,0,1,0,"M",69,"p cover",2007,3,0.526846177440103,0.278665772525578,0.479556057104385
"334",4,1,1,0,"MF",70,"p cover",2007,2,0.67804881711707,0.484977777777778,0.978217665935425
"335",4,1,1,0,"MF",71,"p cover",2007,1,0,0,NA
"336",4,1,1,0,"MF",72,"p cover",2007,1,0,0,NA
"337",5,0,0,1,"C",25,"p cover",2007,0,0,1,0
"338",5,0,0,1,"C",26,"p cover",2007,0,0,1,0
"339",5,0,0,1,"C",27,"p cover",2007,0,0,1,0
"340",5,1,0,1,"F",28,"p cover",2007,0,0,1,0
"341",5,1,0,1,"F",29,"p cover",2007,0,0,1,0
"342",5,1,0,1,"F",30,"p cover",2007,0,0,1,0
"343",5,0,1,1,"M",73,"p cover",2007,1,0,0,NA
"344",5,0,1,1,"M",74,"p cover",2007,1,0,0,NA
"345",5,0,1,1,"M",75,"p cover",2007,1,0,0,NA
"346",5,1,1,1,"MF",76,"p cover",2007,0,0,1,0
"347",5,1,1,1,"MF",77,"p cover",2007,0,0,1,0
"348",5,1,1,1,"MF",78,"p cover",2007,1,0,0,NA
"349",6,0,0,0,"C",31,"p cover",2007,1,0,0,NA
"350",6,0,0,0,"C",32,"p cover",2007,3,0.846584152140536,0.485643257093156,0.770594103918938
"351",6,0,0,0,"C",33,"p cover",2007,1,0,0,NA
"352",6,1,0,0,"F",34,"p cover",2007,2,0.377513343284549,0.219323102245415,0.544636628226032
"353",6,1,0,0,"F",35,"p cover",2007,1,0,0,NA
"354",6,1,0,0,"F",36,"p cover",2007,1,0,0,NA
"355",6,0,1,0,"M",79,"p cover",2007,3,0.179336480711263,0.0701189556103187,0.163239099508599
"356",6,0,1,0,"M",80,"p cover",2007,2,0.247999605091434,0.126464971470136,0.357787800407832
"357",6,0,1,0,"M",81,"p cover",2007,4,0.287221784533457,0.120147256512742,0.207186722090848
"358",6,1,1,0,"MF",82,"p cover",2007,2,0.548134696474102,0.362145769181889,0.790791208342364
"359",6,1,1,0,"MF",83,"p cover",2007,1,0,0,NA
"360",6,1,1,0,"MF",84,"p cover",2007,3,0.78348718454221,0.442317237755022,0.713160768929739
"361",7,0,0,1,"C",37,"p cover",2007,0,0,1,0
"362",7,0,0,1,"C",38,"p cover",2007,0,0,1,0
"363",7,0,0,1,"C",39,"p cover",2007,0,0,1,0
"364",7,1,0,1,"F",40,"p cover",2007,0,0,1,0
"365",7,1,0,1,"F",41,"p cover",2007,0,0,1,0
"366",7,1,0,1,"F",42,"p cover",2007,0,0,1,0
"367",7,0,1,1,"M",85,"p cover",2007,1,0,0,NA
"368",7,0,1,1,"M",86,"p cover",2007,1,0,0,NA
"369",7,0,1,1,"M",87,"p cover",2007,0,0,1,0
"370",7,1,1,1,"MF",88,"p cover",2007,1,0,0,NA
"371",7,1,1,1,"MF",89,"p cover",2007,1,0,0,NA
"372",7,1,1,1,"MF",90,"p cover",2007,1,0,0,NA
"373",8,0,0,0,"C",43,"p cover",2007,0,0,1,0
"374",8,0,0,0,"C",44,"p cover",2007,1,0,0,NA
"375",8,0,0,0,"C",45,"p cover",2007,4,0.468133923654402,0.206265385042574,0.33768724506405
"376",8,1,0,0,"F",46,"p cover",2007,0,0,1,0
"377",8,1,0,0,"F",47,"p cover",2007,4,1.03759006929126,0.570804186898052,0.748463023721072
"378",8,1,0,0,"F",48,"p cover",2007,5,1.33506578074852,0.707339997967083,0.829523009514158
"379",8,0,1,0,"M",91,"p cover",2007,5,0.987500260368534,0.513938872442226,0.613568409653683
"380",8,0,1,0,"M",92,"p cover",2007,2,0.200499943853399,0.0962153031409785,0.289260274695814
"381",8,0,1,0,"M",93,"p cover",2007,3,0.756740949903759,0.487906377773006,0.688815296997256
"382",8,1,1,0,"MF",94,"p cover",2007,3,0.712704350883639,0.39090600301838,0.648731457161906
"383",8,1,1,0,"MF",95,"p cover",2007,6,0.998225405695576,0.492704674495593,0.557120206612131
"384",8,1,1,0,"MF",96,"p cover",2007,5,1.34265036599612,0.679957596730855,0.834235577292639
"385",1,0,0,1,"C",1,"p cover",2008,0,0,1,0
"386",1,0,0,1,"C",2,"p cover",2008,0,0,1,0
"387",1,0,0,1,"C",3,"p cover",2008,0,0,1,0
"388",1,1,0,1,"F",4,"p cover",2008,0,0,1,0
"389",1,1,0,1,"F",5,"p cover",2008,0,0,1,0
"390",1,1,0,1,"F",6,"p cover",2008,0,0,1,0
"391",1,0,1,1,"M",49,"p cover",2008,0,0,1,0
"392",1,0,1,1,"M",50,"p cover",2008,1,0,0,NA
"393",1,0,1,1,"M",51,"p cover",2008,0,0,1,0
"394",1,1,1,1,"MF",52,"p cover",2008,0,0,1,0
"395",1,1,1,1,"MF",53,"p cover",2008,1,0,0,NA
"396",1,1,1,1,"MF",54,"p cover",2008,0,0,1,0
"397",2,0,0,0,"C",7,"p cover",2008,0,0,1,0
"398",2,0,0,0,"C",8,"p cover",2008,0,0,1,0
"399",2,0,0,0,"C",9,"p cover",2008,0,0,1,0
"400",2,1,0,0,"F",10,"p cover",2008,0,0,1,0
"401",2,1,0,0,"F",11,"p cover",2008,0,0,1,0
"402",2,1,0,0,"F",12,"p cover",2008,0,0,1,0
"403",2,0,1,0,"M",55,"p cover",2008,1,0,0,NA
"404",2,0,1,0,"M",56,"p cover",2008,1,0,0,NA
"405",2,0,1,0,"M",57,"p cover",2008,1,0,0,NA
"406",2,1,1,0,"MF",58,"p cover",2008,0,0,1,0
"407",2,1,1,0,"MF",59,"p cover",2008,1,0,0,NA
"408",2,1,1,0,"MF",60,"p cover",2008,1,0,0,NA
"409",3,0,0,1,"C",13,"p cover",2008,0,0,1,0
"410",3,0,0,1,"C",14,"p cover",2008,0,0,1,0
"411",3,0,0,1,"C",15,"p cover",2008,0,0,1,0
"412",3,1,0,1,"F",16,"p cover",2008,0,0,1,0
"413",3,1,0,1,"F",17,"p cover",2008,0,0,1,0
"414",3,1,0,1,"F",18,"p cover",2008,1,0,0,NA
"415",3,0,1,1,"M",61,"p cover",2008,0,0,1,0
"416",3,0,1,1,"M",62,"p cover",2008,0,0,1,0
"417",3,0,1,1,"M",63,"p cover",2008,0,0,1,0
"418",3,1,1,1,"MF",64,"p cover",2008,0,0,1,0
"419",3,1,1,1,"MF",65,"p cover",2008,0,0,1,0
"420",3,1,1,1,"MF",66,"p cover",2008,0,0,1,0
"421",4,0,0,0,"C",19,"p cover",2008,1,0,0,NA
"422",4,0,0,0,"C",20,"p cover",2008,0,0,1,0
"423",4,0,0,0,"C",21,"p cover",2008,1,0,0,NA
"424",4,1,0,0,"F",22,"p cover",2008,0,0,1,0
"425",4,1,0,0,"F",23,"p cover",2008,1,0,0,NA
"426",4,1,0,0,"F",24,"p cover",2008,1,0,0,NA
"427",4,0,1,0,"M",67,"p cover",2008,1,0,0,NA
"428",4,0,1,0,"M",68,"p cover",2008,1,0,0,NA
"429",4,0,1,0,"M",69,"p cover",2008,1,0,0,NA
"430",4,1,1,0,"MF",70,"p cover",2008,2,0.250555572623273,0.128154154739586,0.361475282090691
"431",4,1,1,0,"MF",71,"p cover",2008,1,0,0,NA
"432",4,1,1,0,"MF",72,"p cover",2008,1,0,0,NA
"433",5,0,0,1,"C",25,"p cover",2008,0,0,1,0
"434",5,0,0,1,"C",26,"p cover",2008,1,0,0,NA
"435",5,0,0,1,"C",27,"p cover",2008,0,0,1,0
"436",5,1,0,1,"F",28,"p cover",2008,0,0,1,0
"437",5,1,0,1,"F",29,"p cover",2008,0,0,1,0
"438",5,1,0,1,"F",30,"p cover",2008,0,0,1,0
"439",5,0,1,1,"M",73,"p cover",2008,1,0,0,NA
"440",5,0,1,1,"M",74,"p cover",2008,0,0,1,0
"441",5,0,1,1,"M",75,"p cover",2008,1,0,0,NA
"442",5,1,1,1,"MF",76,"p cover",2008,1,0,0,NA
"443",5,1,1,1,"MF",77,"p cover",2008,0,0,1,0
"444",5,1,1,1,"MF",78,"p cover",2008,0,0,1,0
"445",6,0,0,0,"C",31,"p cover",2008,1,0,0,NA
"446",6,0,0,0,"C",32,"p cover",2008,2,0.552988568511782,0.366523359521045,0.797793865460235
"447",6,0,0,0,"C",33,"p cover",2008,1,0,0,NA
"448",6,1,0,0,"F",34,"p cover",2008,3,0.968755145981736,0.578297882349129,0.881798934869184
"449",6,1,0,0,"F",35,"p cover",2008,4,1.1229153788963,0.628702929993736,0.810012224235819
"450",6,1,0,0,"F",36,"p cover",2008,1,0,0,NA
"451",6,0,1,0,"M",79,"p cover",2008,2,0.16252216668757,0.073677027810388,0.234469923914686
"452",6,0,1,0,"M",80,"p cover",2008,1,0,0,NA
"453",6,0,1,0,"M",81,"p cover",2008,1,0,0,NA
"454",6,1,1,0,"MF",82,"p cover",2008,2,0.651398064034013,0.458835196888874,0.939768756626542
"455",6,1,1,0,"MF",83,"p cover",2008,0,0,1,0
"456",6,1,1,0,"MF",84,"p cover",2008,2,0.626949196055362,0.435276168080401,0.904496496038394
"457",7,0,0,1,"C",37,"p cover",2008,0,0,1,0
"458",7,0,0,1,"C",38,"p cover",2008,0,0,1,0
"459",7,0,0,1,"C",39,"p cover",2008,0,0,1,0
"460",7,1,0,1,"F",40,"p cover",2008,0,0,1,0
"461",7,1,0,1,"F",41,"p cover",2008,0,0,1,0
"462",7,1,0,1,"F",42,"p cover",2008,0,0,1,0
"463",7,0,1,1,"M",85,"p cover",2008,0,0,1,0
"464",7,0,1,1,"M",86,"p cover",2008,1,0,0,NA
"465",7,0,1,1,"M",87,"p cover",2008,1,0,0,NA
"466",7,1,1,1,"MF",88,"p cover",2008,1,0,0,NA
"467",7,1,1,1,"MF",89,"p cover",2008,1,0,0,NA
"468",7,1,1,1,"MF",90,"p cover",2008,1,0,0,NA
"469",8,0,0,0,"C",43,"p cover",2008,0,0,1,0
"470",8,0,0,0,"C",44,"p cover",2008,0,0,1,0
"471",8,0,0,0,"C",45,"p cover",2008,2,0.506175739715206,0.325009694379064,0.730257229505431
"472",8,1,0,0,"F",46,"p cover",2008,1,0,0,NA
"473",8,1,0,0,"F",47,"p cover",2008,3,0.989921636530985,0.601656099342586,0.901065504857137
"474",8,1,0,0,"F",48,"p cover",2008,3,1.04899341038985,0.635978602934208,0.954834950609909
"475",8,0,1,0,"M",91,"p cover",2008,2,0.689079742576718,0.495938079698704,0.994131927392475
"476",8,0,1,0,"M",92,"p cover",2008,1,0,0,NA
"477",8,0,1,0,"M",93,"p cover",2008,3,0.291686950728618,0.126962283727539,0.265504904448357
"478",8,1,1,0,"MF",94,"p cover",2008,3,0.926830211661326,0.559067279893405,0.843637215076993
"479",8,1,1,0,"MF",95,"p cover",2008,4,1.02828726462221,0.572202627957751,0.741752468639872
"480",8,1,1,0,"MF",96,"p cover",2008,2,0.687830128505781,0.494692378328742,0.992329115369309
"481",1,0,0,1,"C",1,"p cover",2009,0,0,1,0
"482",1,0,0,1,"C",2,"p cover",2009,0,0,1,0
"483",1,0,0,1,"C",3,"p cover",2009,0,0,1,0
"484",1,1,0,1,"F",4,"p cover",2009,0,0,1,0
"485",1,1,0,1,"F",5,"p cover",2009,0,0,1,0
"486",1,1,0,1,"F",6,"p cover",2009,0,0,1,0
"487",1,0,1,1,"M",49,"p cover",2009,0,0,1,0
"488",1,0,1,1,"M",50,"p cover",2009,1,0,0,NA
"489",1,0,1,1,"M",51,"p cover",2009,0,0,1,0
"490",1,1,1,1,"MF",52,"p cover",2009,0,0,1,0
"491",1,1,1,1,"MF",53,"p cover",2009,0,0,1,0
"492",1,1,1,1,"MF",54,"p cover",2009,0,0,1,0
"493",2,0,0,0,"C",7,"p cover",2009,0,0,1,0
"494",2,0,0,0,"C",8,"p cover",2009,0,0,1,0
"495",2,0,0,0,"C",9,"p cover",2009,0,0,1,0
"496",2,1,0,0,"F",10,"p cover",2009,1,0,0,NA
"497",2,1,0,0,"F",11,"p cover",2009,0,0,1,0
"498",2,1,0,0,"F",12,"p cover",2009,0,0,1,0
"499",2,0,1,0,"M",55,"p cover",2009,1,0,0,NA
"500",2,0,1,0,"M",56,"p cover",2009,2,0.307923181807436,0.167629947961436,0.444239247368338
"501",2,0,1,0,"M",57,"p cover",2009,1,0,0,NA
"502",2,1,1,0,"MF",58,"p cover",2009,0,0,1,0
"503",2,1,1,0,"MF",59,"p cover",2009,1,0,0,NA
"504",2,1,1,0,"MF",60,"p cover",2009,2,0.678912483325009,0.485832974257345,0.979463672890601
"505",3,0,0,1,"C",13,"p cover",2009,0,0,1,0
"506",3,0,0,1,"C",14,"p cover",2009,0,0,1,0
"507",3,0,0,1,"C",15,"p cover",2009,0,0,1,0
"508",3,1,0,1,"F",16,"p cover",2009,0,0,1,0
"509",3,1,0,1,"F",17,"p cover",2009,0,0,1,0
"510",3,1,0,1,"F",18,"p cover",2009,0,0,1,0
"511",3,0,1,1,"M",61,"p cover",2009,1,0,0,NA
"512",3,0,1,1,"M",62,"p cover",2009,1,0,0,NA
"513",3,0,1,1,"M",63,"p cover",2009,0,0,1,0
"514",3,1,1,1,"MF",64,"p cover",2009,1,0,0,NA
"515",3,1,1,1,"MF",65,"p cover",2009,0,0,1,0
"516",3,1,1,1,"MF",66,"p cover",2009,1,0,0,NA
"517",4,0,0,0,"C",19,"p cover",2009,1,0,0,NA
"518",4,0,0,0,"C",20,"p cover",2009,1,0,0,NA
"519",4,0,0,0,"C",21,"p cover",2009,1,0,0,NA
"520",4,1,0,0,"F",22,"p cover",2009,0,0,1,0
"521",4,1,0,0,"F",23,"p cover",2009,1,0,0,NA
"522",4,1,0,0,"F",24,"p cover",2009,1,0,0,NA
"523",4,0,1,0,"M",67,"p cover",2009,1,0,0,NA
"524",4,0,1,0,"M",68,"p cover",2009,1,0,0,NA
"525",4,0,1,0,"M",69,"p cover",2009,1,0,0,NA
"526",4,1,1,0,"MF",70,"p cover",2009,2,0.357918427808733,0.204362041937831,0.516367140842433
"527",4,1,1,0,"MF",71,"p cover",2009,2,0.631076596398506,0.439224709241811,0.910451076045211
"528",4,1,1,0,"MF",72,"p cover",2009,1,0,0,NA
"529",5,0,0,1,"C",25,"p cover",2009,0,0,1,0
"530",5,0,0,1,"C",26,"p cover",2009,1,0,0,NA
"531",5,0,0,1,"C",27,"p cover",2009,0,0,1,0
"532",5,1,0,1,"F",28,"p cover",2009,0,0,1,0
"533",5,1,0,1,"F",29,"p cover",2009,0,0,1,0
"534",5,1,0,1,"F",30,"p cover",2009,0,0,1,0
"535",5,0,1,1,"M",73,"p cover",2009,1,0,0,NA
"536",5,0,1,1,"M",74,"p cover",2009,1,0,0,NA
"537",5,0,1,1,"M",75,"p cover",2009,0,0,1,0
"538",5,1,1,1,"MF",76,"p cover",2009,1,0,0,NA
"539",5,1,1,1,"MF",77,"p cover",2009,1,0,0,NA
"540",5,1,1,1,"MF",78,"p cover",2009,0,0,1,0
"541",6,0,0,0,"C",31,"p cover",2009,1,0,0,NA
"542",6,0,0,0,"C",32,"p cover",2009,2,0.569727874445355,0.381748476454293,0.821943579118523
"543",6,0,0,0,"C",33,"p cover",2009,2,0.402097042850118,0.238529390896752,0.580103409675982
"544",6,1,0,0,"F",34,"p cover",2009,3,0.610428914225982,0.326641843589745,0.555636342795718
"545",6,1,0,0,"F",35,"p cover",2009,3,0.437561926356274,0.225408602003026,0.398286029447884
"546",6,1,0,0,"F",36,"p cover",2009,3,0.818655459053462,0.464890749855283,0.745172311922661
"547",6,0,1,0,"M",79,"p cover",2009,2,0.238773299499679,0.120418603024929,0.344477055084882
"548",6,0,1,0,"M",80,"p cover",2009,1,0,0,NA
"549",6,0,1,0,"M",81,"p cover",2009,1,0,0,NA
"550",6,1,1,0,"MF",82,"p cover",2009,1,0,0,NA
"551",6,1,1,0,"MF",83,"p cover",2009,0,0,1,0
"552",6,1,1,0,"MF",84,"p cover",2009,1,0,0,NA
"553",7,0,0,1,"C",37,"p cover",2009,0,0,1,0
"554",7,0,0,1,"C",38,"p cover",2009,0,0,1,0
"555",7,0,0,1,"C",39,"p cover",2009,1,0,0,NA
"556",7,1,0,1,"F",40,"p cover",2009,0,0,1,0
"557",7,1,0,1,"F",41,"p cover",2009,0,0,1,0
"558",7,1,0,1,"F",42,"p cover",2009,0,0,1,0
"559",7,0,1,1,"M",85,"p cover",2009,1,0,0,NA
"560",7,0,1,1,"M",86,"p cover",2009,1,0,0,NA
"561",7,0,1,1,"M",87,"p cover",2009,1,0,0,NA
"562",7,1,1,1,"MF",88,"p cover",2009,1,0,0,NA
"563",7,1,1,1,"MF",89,"p cover",2009,2,0.243535728612987,0.12352958478081,0.351347787949237
"564",7,1,1,1,"MF",90,"p cover",2009,2,0.620845774853819,0.429458655562166,0.895691120538471
"565",8,0,0,0,"C",43,"p cover",2009,1,0,0,NA
"566",8,0,0,0,"C",44,"p cover",2009,2,0.450380391556895,0.27762799269688,0.649761557412762
"567",8,0,0,0,"C",45,"p cover",2009,NA,NA,NA,NA
"568",8,1,0,0,"F",46,"p cover",2009,2,0.391469851919203,0.230167800500821,0.564771614021371
"569",8,1,0,0,"F",47,"p cover",2009,4,1.16360477632451,0.659223261983098,0.839363420179041
"570",8,1,0,0,"F",48,"p cover",2009,4,1.11675293189443,0.633703473819699,0.80556695837115
"571",8,0,1,0,"M",91,"p cover",2009,3,0.685574076403599,0.390049872023184,0.62403641710102
"572",8,0,1,0,"M",92,"p cover",2009,3,0.252245592698785,0.114061594396829,0.229603833218171
"573",8,0,1,0,"M",93,"p cover",2009,4,0.435639751598428,0.195551309371788,0.314247654622576
"574",8,1,1,0,"MF",94,"p cover",2009,5,1.06846226673049,0.559888990192781,0.663872932578402
"575",8,1,1,0,"MF",95,"p cover",2009,4,0.941391583269663,0.49110939011934,0.679070484358877
"576",8,1,1,0,"MF",96,"p cover",2009,3,0.886683558003936,0.552651456364328,0.807094156100235
"577",1,0,0,1,"C",1,"p cover",2010,0,0,1,0
"578",1,0,0,1,"C",2,"p cover",2010,0,0,1,0
"579",1,0,0,1,"C",3,"p cover",2010,0,0,1,0
"580",1,1,0,1,"F",4,"p cover",2010,0,0,1,0
"581",1,1,0,1,"F",5,"p cover",2010,0,0,1,0
"582",1,1,0,1,"F",6,"p cover",2010,0,0,1,0
"583",1,0,1,1,"M",49,"p cover",2010,0,0,1,0
"584",1,0,1,1,"M",50,"p cover",2010,1,0,0,NA
"585",1,0,1,1,"M",51,"p cover",2010,0,0,1,0
"586",1,1,1,1,"MF",52,"p cover",2010,0,0,1,0
"587",1,1,1,1,"MF",53,"p cover",2010,0,0,1,0
"588",1,1,1,1,"MF",54,"p cover",2010,0,0,1,0
"589",2,0,0,0,"C",7,"p cover",2010,0,0,1,0
"590",2,0,0,0,"C",8,"p cover",2010,0,0,1,0
"591",2,0,0,0,"C",9,"p cover",2010,0,0,1,0
"592",2,1,0,0,"F",10,"p cover",2010,0,0,1,0
"593",2,1,0,0,"F",11,"p cover",2010,0,0,1,0
"594",2,1,0,0,"F",12,"p cover",2010,0,0,1,0
"595",2,0,1,0,"M",55,"p cover",2010,1,0,0,NA
"596",2,0,1,0,"M",56,"p cover",2010,2,0.59495360220417,0.405065154882606,0.858336611458982
"597",2,0,1,0,"M",57,"p cover",2010,2,0.165902824369675,0.0756204226743178,0.239347181987603
"598",2,1,1,0,"MF",58,"p cover",2010,0,0,1,0
"599",2,1,1,0,"MF",59,"p cover",2010,0,0,1,0
"600",2,1,1,0,"MF",60,"p cover",2010,1,0,0,NA
"601",3,0,0,1,"C",13,"p cover",2010,0,0,1,0
"602",3,0,0,1,"C",14,"p cover",2010,1,0,0,NA
"603",3,0,0,1,"C",15,"p cover",2010,0,0,1,0
"604",3,1,0,1,"F",16,"p cover",2010,0,0,1,0
"605",3,1,0,1,"F",17,"p cover",2010,0,0,1,0
"606",3,1,0,1,"F",18,"p cover",2010,0,0,1,0
"607",3,0,1,1,"M",61,"p cover",2010,0,0,1,0
"608",3,0,1,1,"M",62,"p cover",2010,0,0,1,0
"609",3,0,1,1,"M",63,"p cover",2010,0,0,1,0
"610",3,1,1,1,"MF",64,"p cover",2010,0,0,1,0
"611",3,1,1,1,"MF",65,"p cover",2010,0,0,1,0
"612",3,1,1,1,"MF",66,"p cover",2010,0,0,1,0
"613",4,0,0,0,"C",19,"p cover",2010,0,0,1,0
"614",4,0,0,0,"C",20,"p cover",2010,0,0,1,0
"615",4,0,0,0,"C",21,"p cover",2010,0,0,1,0
"616",4,1,0,0,"F",22,"p cover",2010,2,0.693147180559945,0.5,1
"617",4,1,0,0,"F",23,"p cover",2010,0,0,1,0
"618",4,1,0,0,"F",24,"p cover",2010,2,0.652433563777668,0.459841990525988,0.941262666971555
"619",4,0,1,0,"M",67,"p cover",2010,1,0,0,NA
"620",4,0,1,0,"M",68,"p cover",2010,1,0,0,NA
"621",4,0,1,0,"M",69,"p cover",2010,2,0.62061738739167,0.429241463529818,0.895361627079427
"622",4,1,1,0,"MF",70,"p cover",2010,0,0,1,0
"623",4,1,1,0,"MF",71,"p cover",2010,1,0,0,NA
"624",4,1,1,0,"MF",72,"p cover",2010,2,0.556958931224805,0.370116602436999,0.803521888056844
"625",5,0,0,1,"C",25,"p cover",2010,1,0,0,NA
"626",5,0,0,1,"C",26,"p cover",2010,0,0,1,0
"627",5,0,0,1,"C",27,"p cover",2010,0,0,1,0
"628",5,1,0,1,"F",28,"p cover",2010,0,0,1,0
"629",5,1,0,1,"F",29,"p cover",2010,0,0,1,0
"630",5,1,0,1,"F",30,"p cover",2010,0,0,1,0
"631",5,0,1,1,"M",73,"p cover",2010,1,0,0,NA
"632",5,0,1,1,"M",74,"p cover",2010,0,0,1,0
"633",5,0,1,1,"M",75,"p cover",2010,1,0,0,NA
"634",5,1,1,1,"MF",76,"p cover",2010,0,0,1,0
"635",5,1,1,1,"MF",77,"p cover",2010,0,0,1,0
"636",5,1,1,1,"MF",78,"p cover",2010,1,0,0,NA
"637",6,0,0,0,"C",31,"p cover",2010,0,0,1,0
"638",6,0,0,0,"C",32,"p cover",2010,1,0,0,NA
"639",6,0,0,0,"C",33,"p cover",2010,0,0,1,0
"640",6,1,0,0,"F",34,"p cover",2010,3,1.02987802588788,0.623792394265723,0.937435377804162
"641",6,1,0,0,"F",35,"p cover",2010,2,0.371776179943453,0.214910453977509,0.536359651125062
"642",6,1,0,0,"F",36,"p cover",2010,1,0,0,NA
"643",6,0,1,0,"M",79,"p cover",2010,3,0.405403781883871,0.195435742923964,0.36901442489357
"644",6,0,1,0,"M",80,"p cover",2010,2,0.112267449039315,0.0463578484982803,0.161967691982274
"645",6,0,1,0,"M",81,"p cover",2010,2,0.109930196413468,0.0451633822222137,0.15859574920966
"646",6,1,1,0,"MF",82,"p cover",2010,2,0.449515959209892,0.276912258743929,0.648514445152556
"647",6,1,1,0,"MF",83,"p cover",2010,0,0,1,0
"648",6,1,1,0,"MF",84,"p cover",2010,1,0,0,NA
"649",7,0,0,1,"C",37,"p cover",2010,0,0,1,0
"650",7,0,0,1,"C",38,"p cover",2010,0,0,1,0
"651",7,0,0,1,"C",39,"p cover",2010,0,0,1,0
"652",7,1,0,1,"F",40,"p cover",2010,0,0,1,0
"653",7,1,0,1,"F",41,"p cover",2010,0,0,1,0
"654",7,1,0,1,"F",42,"p cover",2010,0,0,1,0
"655",7,0,1,1,"M",85,"p cover",2010,1,0,0,NA
"656",7,0,1,1,"M",86,"p cover",2010,1,0,0,NA
"657",7,0,1,1,"M",87,"p cover",2010,1,0,0,NA
"658",7,1,1,1,"MF",88,"p cover",2010,1,0,0,NA
"659",7,1,1,1,"MF",89,"p cover",2010,1,0,0,NA
"660",7,1,1,1,"MF",90,"p cover",2010,2,0.687564074950265,0.494427292506944,0.991945281224154
"661",8,0,0,0,"C",43,"p cover",2010,0,0,1,0
"662",8,0,0,0,"C",44,"p cover",2010,1,0,0,NA
"663",8,0,0,0,"C",45,"p cover",2010,2,0.260077437499056,0.134500415293763,0.375212429326998
"664",8,1,0,0,"F",46,"p cover",2010,1,0,0,NA
"665",8,1,0,0,"F",47,"p cover",2010,3,1.00677485746376,0.612738511152916,0.916405967645161
"666",8,1,0,0,"F",48,"p cover",2010,2,0.636514168294812,0.444444444444444,0.918295834054489
"667",8,0,1,0,"M",91,"p cover",2010,1,0,0,NA
"668",8,0,1,0,"M",92,"p cover",2010,1,0,0,NA
"669",8,0,1,0,"M",93,"p cover",2010,2,0.155233845478404,0.0695306788852037,0.223955099049816
"670",8,1,1,0,"MF",94,"p cover",2010,4,1.21467488920514,0.662065997770397,0.876202719474306
"671",8,1,1,0,"MF",95,"p cover",2010,3,0.928000656971001,0.546133911400526,0.844702600310481
"672",8,1,1,0,"MF",96,"p cover",2010,1,0,0,NA
"673",1,0,0,1,"C",1,"p cover",2011,0,0,1,0
"674",1,0,0,1,"C",2,"p cover",2011,0,0,1,0
"675",1,0,0,1,"C",3,"p cover",2011,0,0,1,0
"676",1,1,0,1,"F",4,"p cover",2011,0,0,1,0
"677",1,1,0,1,"F",5,"p cover",2011,0,0,1,0
"678",1,1,0,1,"F",6,"p cover",2011,0,0,1,0
"679",1,0,1,1,"M",49,"p cover",2011,0,0,1,0
"680",1,0,1,1,"M",50,"p cover",2011,0,0,1,0
"681",1,0,1,1,"M",51,"p cover",2011,1,0,0,NA
"682",1,1,1,1,"MF",52,"p cover",2011,0,0,1,0
"683",1,1,1,1,"MF",53,"p cover",2011,0,0,1,0
"684",1,1,1,1,"MF",54,"p cover",2011,0,0,1,0
"685",2,0,0,0,"C",7,"p cover",2011,0,0,1,0
"686",2,0,0,0,"C",8,"p cover",2011,0,0,1,0
"687",2,0,0,0,"C",9,"p cover",2011,0,0,1,0
"688",2,1,0,0,"F",10,"p cover",2011,0,0,1,0
"689",2,1,0,0,"F",11,"p cover",2011,0,0,1,0
"690",2,1,0,0,"F",12,"p cover",2011,0,0,1,0
"691",2,0,1,0,"M",55,"p cover",2011,0,0,1,0
"692",2,0,1,0,"M",56,"p cover",2011,2,0.214976350542237,0.105200138597644,0.310145314835693
"693",2,0,1,0,"M",57,"p cover",2011,1,0,0,NA
"694",2,1,1,0,"MF",58,"p cover",2011,0,0,1,0
"695",2,1,1,0,"MF",59,"p cover",2011,0,0,1,0
"696",2,1,1,0,"MF",60,"p cover",2011,1,0,0,NA
"697",3,0,0,1,"C",13,"p cover",2011,0,0,1,0
"698",3,0,0,1,"C",14,"p cover",2011,0,0,1,0
"699",3,0,0,1,"C",15,"p cover",2011,0,0,1,0
"700",3,1,0,1,"F",16,"p cover",2011,0,0,1,0
"701",3,1,0,1,"F",17,"p cover",2011,0,0,1,0
"702",3,1,0,1,"F",18,"p cover",2011,0,0,1,0
"703",3,0,1,1,"M",61,"p cover",2011,0,0,1,0
"704",3,0,1,1,"M",62,"p cover",2011,0,0,1,0
"705",3,0,1,1,"M",63,"p cover",2011,0,0,1,0
"706",3,1,1,1,"MF",64,"p cover",2011,1,0,0,NA
"707",3,1,1,1,"MF",65,"p cover",2011,0,0,1,0
"708",3,1,1,1,"MF",66,"p cover",2011,0,0,1,0
"709",4,0,0,0,"C",19,"p cover",2011,0,0,1,0
"710",4,0,0,0,"C",20,"p cover",2011,0,0,1,0
"711",4,0,0,0,"C",21,"p cover",2011,0,0,1,0
"712",4,1,0,0,"F",22,"p cover",2011,0,0,1,0
"713",4,1,0,0,"F",23,"p cover",2011,0,0,1,0
"714",4,1,0,0,"F",24,"p cover",2011,2,0.489551893622929,0.310650887573965,0.706274089187601
"715",4,0,1,0,"M",67,"p cover",2011,1,0,0,NA
"716",4,0,1,0,"M",68,"p cover",2011,1,0,0,NA
"717",4,0,1,0,"M",69,"p cover",2011,1,0,0,NA
"718",4,1,1,0,"MF",70,"p cover",2011,1,0,0,NA
"719",4,1,1,0,"MF",71,"p cover",2011,1,0,0,NA
"720",4,1,1,0,"MF",72,"p cover",2011,2,0.543517433409976,0.357997171840336,0.784129905817269
"721",5,0,0,1,"C",25,"p cover",2011,0,0,1,0
"722",5,0,0,1,"C",26,"p cover",2011,0,0,1,0
"723",5,0,0,1,"C",27,"p cover",2011,0,0,1,0
"724",5,1,0,1,"F",28,"p cover",2011,0,0,1,0
"725",5,1,0,1,"F",29,"p cover",2011,0,0,1,0
"726",5,1,0,1,"F",30,"p cover",2011,0,0,1,0
"727",5,0,1,1,"M",73,"p cover",2011,0,0,1,0
"728",5,0,1,1,"M",74,"p cover",2011,0,0,1,0
"729",5,0,1,1,"M",75,"p cover",2011,0,0,1,0
"730",5,1,1,1,"MF",76,"p cover",2011,0,0,1,0
"731",5,1,1,1,"MF",77,"p cover",2011,0,0,1,0
"732",5,1,1,1,"MF",78,"p cover",2011,0,0,1,0
"733",6,0,0,0,"C",31,"p cover",2011,1,0,0,NA
"734",6,0,0,0,"C",32,"p cover",2011,1,0,0,NA
"735",6,0,0,0,"C",33,"p cover",2011,0,0,1,0
"736",6,1,0,0,"F",34,"p cover",2011,2,0.566822154293956,0.379091374483983,0.817751511065889
"737",6,1,0,0,"F",35,"p cover",2011,4,1.25068272903409,0.687827883557805,0.902176885451478
"738",6,1,0,0,"F",36,"p cover",2011,1,0,0,NA
"739",6,0,1,0,"M",79,"p cover",2011,1,0,0,NA
"740",6,0,1,0,"M",80,"p cover",2011,2,0.329970410765812,0.183569092598672,0.476046675251932
"741",6,0,1,0,"M",81,"p cover",2011,1,0,0,NA
"742",6,1,1,0,"MF",82,"p cover",2011,1,0,0,NA
"743",6,1,1,0,"MF",83,"p cover",2011,2,0.598269588585256,0.408163265306122,0.86312056856663
"744",6,1,1,0,"MF",84,"p cover",2011,2,0.536603418842221,0.351813479226606,0.774155091287736
"745",7,0,0,1,"C",37,"p cover",2011,0,0,1,0
"746",7,0,0,1,"C",38,"p cover",2011,0,0,1,0
"747",7,0,0,1,"C",39,"p cover",2011,0,0,1,0
"748",7,1,0,1,"F",40,"p cover",2011,0,0,1,0
"749",7,1,0,1,"F",41,"p cover",2011,0,0,1,0
"750",7,1,0,1,"F",42,"p cover",2011,0,0,1,0
"751",7,0,1,1,"M",85,"p cover",2011,0,0,1,0
"752",7,0,1,1,"M",86,"p cover",2011,1,0,0,NA
"753",7,0,1,1,"M",87,"p cover",2011,1,0,0,NA
"754",7,1,1,1,"MF",88,"p cover",2011,0,0,1,0
"755",7,1,1,1,"MF",89,"p cover",2011,1,0,0,NA
"756",7,1,1,1,"MF",90,"p cover",2011,2,0.607631920500149,0.416951668236477,0.876627558391402
"757",8,0,0,0,"C",43,"p cover",2011,0,0,1,0
"758",8,0,0,0,"C",44,"p cover",2011,0,0,1,0
"759",8,0,0,0,"C",45,"p cover",2011,3,0.302035781004598,0.133506436864342,0.274924815715258
"760",8,1,0,0,"F",46,"p cover",2011,3,1.07542498541774,0.651931588727226,0.978894007021821
"761",8,1,0,0,"F",47,"p cover",2011,2,0.69027308894487,0.497128662909433,0.99585356227987
"762",8,1,0,0,"F",48,"p cover",2011,3,0.741450978378564,0.429835240646051,0.674897765141016
"763",8,0,1,0,"M",91,"p cover",2011,1,0,0,NA
"764",8,0,1,0,"M",92,"p cover",2011,1,0,0,NA
"765",8,0,1,0,"M",93,"p cover",2011,2,0.205852996747596,0.099513136126993,0.296983097559889
"766",8,1,1,0,"MF",94,"p cover",2011,3,0.629662086774743,0.342086702161207,0.573143130902082
"767",8,1,1,0,"MF",95,"p cover",2011,3,1.01683438728521,0.608596484345372,0.925562546290065
"768",8,1,1,0,"MF",96,"p cover",2011,3,1.05340950159687,0.638008115484056,0.958854650054896
"769",1,0,0,1,"C",1,"p cover",2013,0,0,1,0
"770",1,0,0,1,"C",2,"p cover",2013,1,0,0,NA
"771",1,0,0,1,"C",3,"p cover",2013,0,0,1,0
"772",1,1,0,1,"F",4,"p cover",2013,0,0,1,0
"773",1,1,0,1,"F",5,"p cover",2013,0,0,1,0
"774",1,1,0,1,"F",6,"p cover",2013,0,0,1,0
"775",1,0,1,1,"M",49,"p cover",2013,0,0,1,0
"776",1,0,1,1,"M",50,"p cover",2013,1,0,0,NA
"777",1,0,1,1,"M",51,"p cover",2013,0,0,1,0
"778",1,1,1,1,"MF",52,"p cover",2013,0,0,1,0
"779",1,1,1,1,"MF",53,"p cover",2013,0,0,1,0
"780",1,1,1,1,"MF",54,"p cover",2013,0,0,1,0
"781",2,0,0,0,"C",7,"p cover",2013,0,0,1,0
"782",2,0,0,0,"C",8,"p cover",2013,0,0,1,0
"783",2,0,0,0,"C",9,"p cover",2013,0,0,1,0
"784",2,1,0,0,"F",10,"p cover",2013,0,0,1,0
"785",2,1,0,0,"F",11,"p cover",2013,0,0,1,0
"786",2,1,0,0,"F",12,"p cover",2013,0,0,1,0
"787",2,0,1,0,"M",55,"p cover",2013,1,0,0,NA
"788",2,0,1,0,"M",56,"p cover",2013,2,0.287332196214604,0.153122781862678,0.414532734566544
"789",2,0,1,0,"M",57,"p cover",2013,1,0,0,NA
"790",2,1,1,0,"MF",58,"p cover",2013,1,0,0,NA
"791",2,1,1,0,"MF",59,"p cover",2013,0,0,1,0
"792",2,1,1,0,"MF",60,"p cover",2013,1,0,0,NA
"793",3,0,0,1,"C",13,"p cover",2013,0,0,1,0
"794",3,0,0,1,"C",14,"p cover",2013,0,0,1,0
"795",3,0,0,1,"C",15,"p cover",2013,0,0,1,0
"796",3,1,0,1,"F",16,"p cover",2013,0,0,1,0
"797",3,1,0,1,"F",17,"p cover",2013,0,0,1,0
"798",3,1,0,1,"F",18,"p cover",2013,0,0,1,0
"799",3,0,1,1,"M",61,"p cover",2013,0,0,1,0
"800",3,0,1,1,"M",62,"p cover",2013,0,0,1,0
"801",3,0,1,1,"M",63,"p cover",2013,0,0,1,0
"802",3,1,1,1,"MF",64,"p cover",2013,1,0,0,NA
"803",3,1,1,1,"MF",65,"p cover",2013,0,0,1,0
"804",3,1,1,1,"MF",66,"p cover",2013,1,0,0,NA
"805",4,0,0,0,"C",19,"p cover",2013,0,0,1,0
"806",4,0,0,0,"C",20,"p cover",2013,0,0,1,0
"807",4,0,0,0,"C",21,"p cover",2013,1,0,0,NA
"808",4,1,0,0,"F",22,"p cover",2013,0,0,1,0
"809",4,1,0,0,"F",23,"p cover",2013,0,0,1,0
"810",4,1,0,0,"F",24,"p cover",2013,2,0.546264980617298,0.3604640000096,0.788093778547882
"811",4,0,1,0,"M",67,"p cover",2013,1,0,0,NA
"812",4,0,1,0,"M",68,"p cover",2013,2,0.157598545128977,0.0708694183612237,0.22736663950889
"813",4,0,1,0,"M",69,"p cover",2013,2,0.0467068983269279,0.015917933264916,0.0673838105915639
"814",4,1,1,0,"MF",70,"p cover",2013,1,0,0,NA
"815",4,1,1,0,"MF",71,"p cover",2013,1,0,0,NA
"816",4,1,1,0,"MF",72,"p cover",2013,4,0.452266793460286,0.203059887128441,0.326241530041954
"817",5,0,0,1,"C",25,"p cover",2013,0,0,1,0
"818",5,0,0,1,"C",26,"p cover",2013,0,0,1,0
"819",5,0,0,1,"C",27,"p cover",2013,0,0,1,0
"820",5,1,0,1,"F",28,"p cover",2013,0,0,1,0
"821",5,1,0,1,"F",29,"p cover",2013,0,0,1,0
"822",5,1,0,1,"F",30,"p cover",2013,0,0,1,0
"823",5,0,1,1,"M",73,"p cover",2013,0,0,1,0
"824",5,0,1,1,"M",74,"p cover",2013,1,0,0,NA
"825",5,0,1,1,"M",75,"p cover",2013,0,0,1,0
"826",5,1,1,1,"MF",76,"p cover",2013,0,0,1,0
"827",5,1,1,1,"MF",77,"p cover",2013,0,0,1,0
"828",5,1,1,1,"MF",78,"p cover",2013,1,0,0,NA
"829",6,0,0,0,"C",31,"p cover",2013,1,0,0,NA
"830",6,0,0,0,"C",32,"p cover",2013,1,0,0,NA
"831",6,0,0,0,"C",33,"p cover",2013,0,0,1,0
"832",6,1,0,0,"F",34,"p cover",2013,1,0,0,NA
"833",6,1,0,0,"F",35,"p cover",2013,2,0.202089694122987,0.0971916600189784,0.291553799526001
"834",6,1,0,0,"F",36,"p cover",2013,1,0,0,NA
"835",6,0,1,0,"M",79,"p cover",2013,2,0.0662651283596636,0.024272409919168,0.0956003720683572
"836",6,0,1,0,"M",80,"p cover",2013,1,0,0,NA
"837",6,0,1,0,"M",81,"p cover",2013,1,0,0,NA
"838",6,1,1,0,"MF",82,"p cover",2013,2,0.374875758677861,0.217291149578999,0.540831397994037
"839",6,1,1,0,"MF",83,"p cover",2013,2,0.610014559528046,0.419197941309574,0.880064979901177
"840",6,1,1,0,"MF",84,"p cover",2013,1,0,0,NA
"841",7,0,0,1,"C",37,"p cover",2013,0,0,1,0
"842",7,0,0,1,"C",38,"p cover",2013,0,0,1,0
"843",7,0,0,1,"C",39,"p cover",2013,0,0,1,0
"844",7,1,0,1,"F",40,"p cover",2013,0,0,1,0
"845",7,1,0,1,"F",41,"p cover",2013,0,0,1,0
"846",7,1,0,1,"F",42,"p cover",2013,0,0,1,0
"847",7,0,1,1,"M",85,"p cover",2013,0,0,1,0
"848",7,0,1,1,"M",86,"p cover",2013,0,0,1,0
"849",7,0,1,1,"M",87,"p cover",2013,1,0,0,NA
"850",7,1,1,1,"MF",88,"p cover",2013,1,0,0,NA
"851",7,1,1,1,"MF",89,"p cover",2013,1,0,0,NA
"852",7,1,1,1,"MF",90,"p cover",2013,0,0,1,0
"853",8,0,0,0,"C",43,"p cover",2013,0,0,1,0
"854",8,0,0,0,"C",44,"p cover",2013,2,0.301576973477962,0.163119311685296,0.435083604082959
"855",8,0,0,0,"C",45,"p cover",2013,0,0,1,0
"856",8,1,0,0,"F",46,"p cover",2013,1,0,0,NA
"857",8,1,0,0,"F",47,"p cover",2013,3,1.06576088901092,0.643796741390973,0.970097367382426
"858",8,1,0,0,"F",48,"p cover",2013,2,0.690842016112319,0.497696607358572,0.996674350682976
"859",8,0,1,0,"M",91,"p cover",2013,NA,NA,NA,NA
"860",8,0,1,0,"M",92,"p cover",2013,4,1.06804339973905,0.632803911070115,0.770430458128859
"861",8,0,1,0,"M",93,"p cover",2013,3,0.474830523207843,0.277401499999827,0.432209368223524
"862",8,1,1,0,"MF",94,"p cover",2013,4,1.00213110122904,0.568855603936984,0.722884785031863
"863",8,1,1,0,"MF",95,"p cover",2013,6,1.03766259306519,0.503102319079519,0.579130519964404
"864",8,1,1,0,"MF",96,"p cover",2013,3,0.436848876906356,0.210585211445842,0.397636983868044
"865",1,0,0,1,"C",1,"p cover",2015,0,0,1,0
"866",1,0,0,1,"C",2,"p cover",2015,0,0,1,0
"867",1,0,0,1,"C",3,"p cover",2015,0,0,1,0
"868",1,1,0,1,"F",4,"p cover",2015,0,0,1,0
"869",1,1,0,1,"F",5,"p cover",2015,0,0,1,0
"870",1,1,0,1,"F",6,"p cover",2015,0,0,1,0
"871",1,0,1,1,"M",49,"p cover",2015,0,0,1,0
"872",1,0,1,1,"M",50,"p cover",2015,1,0,0,NA
"873",1,0,1,1,"M",51,"p cover",2015,0,0,1,0
"874",1,1,1,1,"MF",52,"p cover",2015,0,0,1,0
"875",1,1,1,1,"MF",53,"p cover",2015,0,0,1,0
"876",1,1,1,1,"MF",54,"p cover",2015,1,0,0,NA
"877",2,0,0,0,"C",7,"p cover",2015,0,0,1,0
"878",2,0,0,0,"C",8,"p cover",2015,0,0,1,0
"879",2,0,0,0,"C",9,"p cover",2015,0,0,1,0
"880",2,1,0,0,"F",10,"p cover",2015,0,0,1,0
"881",2,1,0,0,"F",11,"p cover",2015,0,0,1,0
"882",2,1,0,0,"F",12,"p cover",2015,0,0,1,0
"883",2,0,1,0,"M",55,"p cover",2015,1,0,0,NA
"884",2,0,1,0,"M",56,"p cover",2015,2,0.318387337992591,0.175143337744283,0.45933583360375
"885",2,0,1,0,"M",57,"p cover",2015,1,0,0,NA
"886",2,1,1,0,"MF",58,"p cover",2015,2,0.274041715457155,0.143958057202007,0.395358623886742
"887",2,1,1,0,"MF",59,"p cover",2015,2,0.248884187861972,0.127048881675318,0.359063983584143
"888",2,1,1,0,"MF",60,"p cover",2015,1,0,0,NA
"889",3,0,0,1,"C",13,"p cover",2015,0,0,1,0
"890",3,0,0,1,"C",14,"p cover",2015,0,0,1,0
"891",3,0,0,1,"C",15,"p cover",2015,0,0,1,0
"892",3,1,0,1,"F",16,"p cover",2015,0,0,1,0
"893",3,1,0,1,"F",17,"p cover",2015,NA,NA,NA,NA
"894",3,1,0,1,"F",18,"p cover",2015,0,0,1,0
"895",3,0,1,1,"M",61,"p cover",2015,0,0,1,0
"896",3,0,1,1,"M",62,"p cover",2015,1,0,0,NA
"897",3,0,1,1,"M",63,"p cover",2015,0,0,1,0
"898",3,1,1,1,"MF",64,"p cover",2015,1,0,0,NA
"899",3,1,1,1,"MF",65,"p cover",2015,1,0,0,NA
"900",3,1,1,1,"MF",66,"p cover",2015,0,0,1,0
"901",4,0,0,0,"C",19,"p cover",2015,1,0,0,NA
"902",4,0,0,0,"C",20,"p cover",2015,0,0,1,0
"903",4,0,0,0,"C",21,"p cover",2015,1,0,0,NA
"904",4,1,0,0,"F",22,"p cover",2015,0,0,1,0
"905",4,1,0,0,"F",23,"p cover",2015,0,0,1,0
"906",4,1,0,0,"F",24,"p cover",2015,0,0,1,0
"907",4,0,1,0,"M",67,"p cover",2015,1,0,0,NA
"908",4,0,1,0,"M",68,"p cover",2015,1,0,0,NA
"909",4,0,1,0,"M",69,"p cover",2015,2,0.114665282202906,0.047590719809637,0.165427033996267
"910",4,1,1,0,"MF",70,"p cover",2015,1,0,0,NA
"911",4,1,1,0,"MF",71,"p cover",2015,1,0,0,NA
"912",4,1,1,0,"MF",72,"p cover",2015,3,0.691051795368491,0.400191399083858,0.629022451775302
"913",5,0,0,1,"C",25,"p cover",2015,0,0,1,0
"914",5,0,0,1,"C",26,"p cover",2015,0,0,1,0
"915",5,0,0,1,"C",27,"p cover",2015,0,0,1,0
"916",5,1,0,1,"F",28,"p cover",2015,0,0,1,0
"917",5,1,0,1,"F",29,"p cover",2015,0,0,1,0
"918",5,1,0,1,"F",30,"p cover",2015,0,0,1,0
"919",5,0,1,1,"M",73,"p cover",2015,3,0.720603442373761,0.439418972623907,0.655921520090929
"920",5,0,1,1,"M",74,"p cover",2015,1,0,0,NA
"921",5,0,1,1,"M",75,"p cover",2015,0,0,1,0
"922",5,1,1,1,"MF",76,"p cover",2015,0,0,1,0
"923",5,1,1,1,"MF",77,"p cover",2015,0,0,1,0
"924",5,1,1,1,"MF",78,"p cover",2015,0,0,1,0
"925",6,0,0,0,"C",31,"p cover",2015,0,0,1,0
"926",6,0,0,0,"C",32,"p cover",2015,1,0,0,NA
"927",6,0,0,0,"C",33,"p cover",2015,0,0,1,0
"928",6,1,0,0,"F",34,"p cover",2015,0,0,1,0
"929",6,1,0,0,"F",35,"p cover",2015,1,0,0,NA
"930",6,1,0,0,"F",36,"p cover",2015,0,0,1,0
"931",6,0,1,0,"M",79,"p cover",2015,2,0.128797966086042,0.0550066279626304,0.185816186948918
"932",6,0,1,0,"M",80,"p cover",2015,2,0.440828949791306,0.269751127971347,0.635981739744206
"933",6,0,1,0,"M",81,"p cover",2015,1,0,0,NA
"934",6,1,1,0,"MF",82,"p cover",2015,3,0.803385325741164,0.492841804763522,0.731272837585987
"935",6,1,1,0,"MF",83,"p cover",2015,1,0,0,NA
"936",6,1,1,0,"MF",84,"p cover",2015,1,0,0,NA
"937",7,0,0,1,"C",37,"p cover",2015,0,0,1,0
"938",7,0,0,1,"C",38,"p cover",2015,0,0,1,0
"939",7,0,0,1,"C",39,"p cover",2015,0,0,1,0
"940",7,1,0,1,"F",40,"p cover",2015,0,0,1,0
"941",7,1,0,1,"F",41,"p cover",2015,0,0,1,0
"942",7,1,0,1,"F",42,"p cover",2015,0,0,1,0
"943",7,0,1,1,"M",85,"p cover",2015,0,0,1,0
"944",7,0,1,1,"M",86,"p cover",2015,1,0,0,NA
"945",7,0,1,1,"M",87,"p cover",2015,0,0,1,0
"946",7,1,1,1,"MF",88,"p cover",2015,2,0.284328248143814,0.151037558002278,0.410198953581728
"947",7,1,1,1,"MF",89,"p cover",2015,3,0.930984553447773,0.561105938599329,0.847418659931832
"948",7,1,1,1,"MF",90,"p cover",2015,2,0.660206719801036,0.46742285108353,0.952476960618524
"949",8,0,0,0,"C",43,"p cover",2015,0,0,1,0
"950",8,0,0,0,"C",44,"p cover",2015,2,0.538848912497574,0.353818025419133,0.777394653848662
"951",8,0,0,0,"C",45,"p cover",2015,2,0.417620296218357,0.250902866944701,0.602498730328804
"952",8,1,0,0,"F",46,"p cover",2015,2,0.665424209604653,0.4725341796875,0.960004207284091
"953",8,1,0,0,"F",47,"p cover",2015,5,1.12218008054932,0.541991541472036,0.697249686912214
"954",8,1,0,0,"F",48,"p cover",2015,3,0.943361828317817,0.571492402539172,0.858684941037289
"955",8,0,1,0,"M",91,"p cover",2015,3,0.55888576785175,0.316908534573348,0.508719749102123
"956",8,0,1,0,"M",92,"p cover",2015,2,0.540894523049109,0.355647284528274,0.78034584604695
"957",8,0,1,0,"M",93,"p cover",2015,2,0.550699292852006,0.364456625149078,0.794491138818648
"958",8,1,1,0,"MF",94,"p cover",2015,4,1.32315034175167,0.716901373592056,0.954451218197836
"959",8,1,1,0,"MF",95,"p cover",2015,3,1.01983174306512,0.620480654812722,0.928290857097091
"960",8,1,1,0,"MF",96,"p cover",2015,3,0.334780514302238,0.153482590142278,0.304730356428204
"961",1,0,0,1,"C",1,"p cover",2016,NA,NA,NA,NA
"962",1,0,0,1,"C",2,"p cover",2016,NA,NA,NA,NA
"963",1,0,0,1,"C",3,"p cover",2016,NA,NA,NA,NA
"964",1,1,0,1,"F",4,"p cover",2016,NA,NA,NA,NA
"965",1,1,0,1,"F",5,"p cover",2016,NA,NA,NA,NA
"966",1,1,0,1,"F",6,"p cover",2016,NA,NA,NA,NA
"967",1,0,1,1,"M",49,"p cover",2016,NA,NA,NA,NA
"968",1,0,1,1,"M",50,"p cover",2016,NA,NA,NA,NA
"969",1,0,1,1,"M",51,"p cover",2016,NA,NA,NA,NA
"970",1,1,1,1,"MF",52,"p cover",2016,NA,NA,NA,NA
"971",1,1,1,1,"MF",53,"p cover",2016,NA,NA,NA,NA
"972",1,1,1,1,"MF",54,"p cover",2016,NA,NA,NA,NA
"973",2,0,0,0,"C",7,"p cover",2016,NA,NA,NA,NA
"974",2,0,0,0,"C",8,"p cover",2016,NA,NA,NA,NA
"975",2,0,0,0,"C",9,"p cover",2016,NA,NA,NA,NA
"976",2,1,0,0,"F",10,"p cover",2016,NA,NA,NA,NA
"977",2,1,0,0,"F",11,"p cover",2016,NA,NA,NA,NA
"978",2,1,0,0,"F",12,"p cover",2016,NA,NA,NA,NA
"979",2,0,1,0,"M",55,"p cover",2016,NA,NA,NA,NA
"980",2,0,1,0,"M",56,"p cover",2016,NA,NA,NA,NA
"981",2,0,1,0,"M",57,"p cover",2016,NA,NA,NA,NA
"982",2,1,1,0,"MF",58,"p cover",2016,NA,NA,NA,NA
"983",2,1,1,0,"MF",59,"p cover",2016,NA,NA,NA,NA
"984",2,1,1,0,"MF",60,"p cover",2016,NA,NA,NA,NA
"985",3,0,0,1,"C",13,"p cover",2016,NA,NA,NA,NA
"986",3,0,0,1,"C",14,"p cover",2016,NA,NA,NA,NA
"987",3,0,0,1,"C",15,"p cover",2016,NA,NA,NA,NA
"988",3,1,0,1,"F",16,"p cover",2016,NA,NA,NA,NA
"989",3,1,0,1,"F",17,"p cover",2016,NA,NA,NA,NA
"990",3,1,0,1,"F",18,"p cover",2016,NA,NA,NA,NA
"991",3,0,1,1,"M",61,"p cover",2016,NA,NA,NA,NA
"992",3,0,1,1,"M",62,"p cover",2016,NA,NA,NA,NA
"993",3,0,1,1,"M",63,"p cover",2016,NA,NA,NA,NA
"994",3,1,1,1,"MF",64,"p cover",2016,NA,NA,NA,NA
"995",3,1,1,1,"MF",65,"p cover",2016,NA,NA,NA,NA
"996",3,1,1,1,"MF",60,"p cover",2016,NA,NA,NA,NA
"997",4,0,0,0,"C",19,"p cover",2016,NA,NA,NA,NA
"998",4,0,0,0,"C",20,"p cover",2016,NA,NA,NA,NA
"999",4,0,0,0,"C",21,"p cover",2016,NA,NA,NA,NA
"1000",4,1,0,0,"F",22,"p cover",2016,NA,NA,NA,NA
"1001",4,1,0,0,"F",23,"p cover",2016,NA,NA,NA,NA
"1002",4,1,0,0,"F",24,"p cover",2016,NA,NA,NA,NA
"1003",4,0,1,0,"M",67,"p cover",2016,NA,NA,NA,NA
"1004",4,0,1,0,"M",68,"p cover",2016,NA,NA,NA,NA
"1005",4,0,1,0,"M",69,"p cover",2016,NA,NA,NA,NA
"1006",4,1,1,0,"MF",70,"p cover",2016,NA,NA,NA,NA
"1007",4,1,1,0,"MF",71,"p cover",2016,NA,NA,NA,NA
"1008",4,1,1,0,"MF",72,"p cover",2016,NA,NA,NA,NA
"1009",5,0,0,1,"C",25,"p cover",2016,NA,NA,NA,NA
"1010",5,0,0,1,"C",26,"p cover",2016,NA,NA,NA,NA
"1011",5,0,0,1,"C",27,"p cover",2016,NA,NA,NA,NA
"1012",5,1,0,1,"F",28,"p cover",2016,NA,NA,NA,NA
"1013",5,1,0,1,"F",29,"p cover",2016,NA,NA,NA,NA
"1014",5,1,0,1,"F",30,"p cover",2016,NA,NA,NA,NA
"1015",5,0,1,1,"M",73,"p cover",2016,NA,NA,NA,NA
"1016",5,0,1,1,"M",74,"p cover",2016,NA,NA,NA,NA
"1017",5,0,1,1,"M",75,"p cover",2016,NA,NA,NA,NA
"1018",5,1,1,1,"MF",76,"p cover",2016,NA,NA,NA,NA
"1019",5,1,1,1,"MF",77,"p cover",2016,NA,NA,NA,NA
"1020",5,1,1,1,"MF",78,"p cover",2016,NA,NA,NA,NA
"1021",6,0,0,0,"C",31,"p cover",2016,NA,NA,NA,NA
"1022",6,0,0,0,"C",32,"p cover",2016,NA,NA,NA,NA
"1023",6,0,0,0,"C",33,"p cover",2016,NA,NA,NA,NA
"1024",6,1,0,0,"F",34,"p cover",2016,NA,NA,NA,NA
"1025",6,1,0,0,"F",35,"p cover",2016,NA,NA,NA,NA
"1026",6,1,0,0,"F",36,"p cover",2016,NA,NA,NA,NA
"1027",6,0,1,0,"M",79,"p cover",2016,NA,NA,NA,NA
"1028",6,0,1,0,"M",80,"p cover",2016,NA,NA,NA,NA
"1029",6,0,1,0,"M",81,"p cover",2016,NA,NA,NA,NA
"1030",6,1,1,0,"MF",82,"p cover",2016,NA,NA,NA,NA
"1031",6,1,1,0,"MF",83,"p cover",2016,NA,NA,NA,NA
"1032",6,1,1,0,"MF",84,"p cover",2016,NA,NA,NA,NA
"1033",7,0,0,1,"C",37,"p cover",2016,NA,NA,NA,NA
"1034",7,0,0,1,"C",38,"p cover",2016,NA,NA,NA,NA
"1035",7,0,0,1,"C",39,"p cover",2016,NA,NA,NA,NA
"1036",7,1,0,1,"F",40,"p cover",2016,NA,NA,NA,NA
"1037",7,1,0,1,"F",41,"p cover",2016,NA,NA,NA,NA
"1038",7,1,0,1,"F",42,"p cover",2016,NA,NA,NA,NA
"1039",7,0,1,1,"M",85,"p cover",2016,NA,NA,NA,NA
"1040",7,0,1,1,"M",86,"p cover",2016,NA,NA,NA,NA
"1041",7,0,1,1,"M",87,"p cover",2016,NA,NA,NA,NA
"1042",7,1,1,1,"MF",88,"p cover",2016,NA,NA,NA,NA
"1043",7,1,1,1,"MF",89,"p cover",2016,NA,NA,NA,NA
"1044",7,1,1,1,"MF",90,"p cover",2016,NA,NA,NA,NA
"1045",8,0,0,0,"C",43,"p cover",2016,NA,NA,NA,NA
"1046",8,0,0,0,"C",44,"p cover",2016,NA,NA,NA,NA
"1047",8,0,0,0,"C",45,"p cover",2016,NA,NA,NA,NA
"1048",8,1,0,0,"F",46,"p cover",2016,NA,NA,NA,NA
"1049",8,1,0,0,"F",47,"p cover",2016,NA,NA,NA,NA
"1050",8,1,0,0,"F",48,"p cover",2016,NA,NA,NA,NA
"1051",8,0,1,0,"M",91,"p cover",2016,NA,NA,NA,NA
"1052",8,0,1,0,"M",92,"p cover",2016,NA,NA,NA,NA
"1053",8,0,1,0,"M",93,"p cover",2016,NA,NA,NA,NA
"1054",8,1,1,0,"MF",94,"p cover",2016,NA,NA,NA,NA
"1055",8,1,1,0,"MF",95,"p cover",2016,NA,NA,NA,NA
"1056",8,1,1,0,"MF",96,"p cover",2016,NA,NA,NA,NA
"1057",1,0,0,1,"C",1,"p cover",2017,0,0,1,0
"1058",1,0,0,1,"C",2,"p cover",2017,0,0,1,0
"1059",1,0,0,1,"C",3,"p cover",2017,0,0,1,0
"1060",1,1,0,1,"F",4,"p cover",2017,0,0,1,0
"1061",1,1,0,1,"F",5,"p cover",2017,0,0,1,0
"1062",1,1,0,1,"F",6,"p cover",2017,0,0,1,0
"1063",1,0,1,1,"M",49,"p cover",2017,0,0,1,0
"1064",1,0,1,1,"M",50,"p cover",2017,1,0,0,NA
"1065",1,0,1,1,"M",51,"p cover",2017,0,0,1,0
"1066",1,1,1,1,"MF",52,"p cover",2017,0,0,1,0
"1067",1,1,1,1,"MF",53,"p cover",2017,0,0,1,0
"1068",1,1,1,1,"MF",54,"p cover",2017,1,0,0,NA
"1069",2,0,0,0,"C",7,"p cover",2017,0,0,1,0
"1070",2,0,0,0,"C",8,"p cover",2017,0,0,1,0
"1071",2,0,0,0,"C",9,"p cover",2017,0,0,1,0
"1072",2,1,0,0,"F",10,"p cover",2017,0,0,1,0
"1073",2,1,0,0,"F",11,"p cover",2017,0,0,1,0
"1074",2,1,0,0,"F",12,"p cover",2017,0,0,1,0
"1075",2,0,1,0,"M",55,"p cover",2017,1,0,0,NA
"1076",2,0,1,0,"M",56,"p cover",2017,3,0.494429164343785,0.263195647800669,0.45004882017404
"1077",2,0,1,0,"M",57,"p cover",2017,1,0,0,NA
"1078",2,1,1,0,"MF",58,"p cover",2017,0,0,1,0
"1079",2,1,1,0,"MF",59,"p cover",2017,0,0,1,0
"1080",2,1,1,0,"MF",60,"p cover",2017,2,0.443319160049581,0.271798053218395,0.639574353734591
"1081",3,0,0,1,"C",13,"p cover",2017,0,0,1,0
"1082",3,0,0,1,"C",14,"p cover",2017,0,0,1,0
"1083",3,0,0,1,"C",15,"p cover",2017,0,0,1,0
"1084",3,1,0,1,"F",16,"p cover",2017,0,0,1,0
"1085",3,1,0,1,"F",17,"p cover",2017,0,0,1,0
"1086",3,1,0,1,"F",18,"p cover",2017,0,0,1,0
"1087",3,0,1,1,"M",61,"p cover",2017,0,0,1,0
"1088",3,0,1,1,"M",62,"p cover",2017,0,0,1,0
"1089",3,0,1,1,"M",63,"p cover",2017,0,0,1,0
"1090",3,1,1,1,"MF",64,"p cover",2017,0,0,1,0
"1091",3,1,1,1,"MF",65,"p cover",2017,0,0,1,0
"1092",3,1,1,1,"MF",60,"p cover",2017,0,0,1,0
"1093",4,0,0,0,"C",19,"p cover",2017,0,0,1,0
"1094",4,0,0,0,"C",20,"p cover",2017,0,0,1,0
"1095",4,0,0,0,"C",21,"p cover",2017,0,0,1,0
"1096",4,1,0,0,"F",22,"p cover",2017,0,0,1,0
"1097",4,1,0,0,"F",23,"p cover",2017,0,0,1,0
"1098",4,1,0,0,"F",24,"p cover",2017,2,0.500402423538188,0.32,0.721928094887362
"1099",4,0,1,0,"M",67,"p cover",2017,1,0,0,NA
"1100",4,0,1,0,"M",68,"p cover",2017,1,0,0,NA
"1101",4,0,1,0,"M",69,"p cover",2017,1,0,0,NA
"1102",4,1,1,0,"MF",70,"p cover",2017,1,0,0,NA
"1103",4,1,1,0,"MF",71,"p cover",2017,2,0.584547320854999,0.395392392437688,0.843323520962438
"1104",4,1,1,0,"MF",72,"p cover",2017,3,0.810586914077427,0.478909954269758,0.737828005783672
"1105",5,0,0,1,"C",25,"p cover",2017,0,0,1,0
"1106",5,0,0,1,"C",26,"p cover",2017,0,0,1,0
"1107",5,0,0,1,"C",27,"p cover",2017,0,0,1,0
"1108",5,1,0,1,"F",28,"p cover",2017,0,0,1,0
"1109",5,1,0,1,"F",29,"p cover",2017,0,0,1,0
"1110",5,1,0,1,"F",30,"p cover",2017,0,0,1,0
"1111",5,0,1,1,"M",73,"p cover",2017,2,0.442664150792835,0.271259184215119,0.638629375128147
"1112",5,0,1,1,"M",74,"p cover",2017,0,0,1,0
"1113",5,0,1,1,"M",75,"p cover",2017,1,0,0,NA
"1114",5,1,1,1,"MF",76,"p cover",2017,0,0,1,0
"1115",5,1,1,1,"MF",77,"p cover",2017,0,0,1,0
"1116",5,1,1,1,"MF",78,"p cover",2017,0,0,1,0
"1117",6,0,0,0,"C",31,"p cover",2017,0,0,1,0
"1118",6,0,0,0,"C",32,"p cover",2017,0,0,1,0
"1119",6,0,0,0,"C",33,"p cover",2017,0,0,1,0
"1120",6,1,0,0,"F",34,"p cover",2017,0,0,1,0
"1121",6,1,0,0,"F",35,"p cover",2017,0,0,1,0
"1122",6,1,0,0,"F",36,"p cover",2017,0,0,1,0
"1123",6,0,1,0,"M",79,"p cover",2017,1,0,0,NA
"1124",6,0,1,0,"M",80,"p cover",2017,1,0,0,NA
"1125",6,0,1,0,"M",81,"p cover",2017,2,0.0765772026300712,0.0289461881458681,0.110477550479553
"1126",6,1,1,0,"MF",82,"p cover",2017,1,0,0,NA
"1127",6,1,1,0,"MF",83,"p cover",2017,2,0.632972280236411,0.441042153766161,0.913185969717249
"1128",6,1,1,0,"MF",84,"p cover",2017,1,0,0,NA
"1129",7,0,0,1,"C",37,"p cover",2017,0,0,1,0
"1130",7,0,0,1,"C",38,"p cover",2017,0,0,1,0
"1131",7,0,0,1,"C",39,"p cover",2017,0,0,1,0
"1132",7,1,0,1,"F",40,"p cover",2017,0,0,1,0
"1133",7,1,0,1,"F",41,"p cover",2017,0,0,1,0
"1134",7,1,0,1,"F",42,"p cover",2017,0,0,1,0
"1135",7,0,1,1,"M",85,"p cover",2017,1,0,0,NA
"1136",7,0,1,1,"M",86,"p cover",2017,1,0,0,NA
"1137",7,0,1,1,"M",87,"p cover",2017,1,0,0,NA
"1138",7,1,1,1,"MF",88,"p cover",2017,0,0,1,0
"1139",7,1,1,1,"MF",89,"p cover",2017,2,0.674369744830917,0.481340392561984,0.97290988659312
"1140",7,1,1,1,"MF",90,"p cover",2017,0,0,1,0
"1141",8,0,0,0,"C",43,"p cover",2017,0,0,1,0
"1142",8,0,0,0,"C",44,"p cover",2017,1,0,0,NA
"1143",8,0,0,0,"C",45,"p cover",2017,3,0.523001179354727,0.267318561299933,0.476056189020771
"1144",8,1,0,0,"F",46,"p cover",2017,2,0.580086483200323,0.391269178793256,0.836887892599825
"1145",8,1,0,0,"F",47,"p cover",2017,2,0.240368039133181,0.121457948685398,0.346777778045644
"1146",8,1,0,0,"F",48,"p cover",2017,0,0,1,0
"1147",8,0,1,0,"M",91,"p cover",2017,1,0,0,NA
"1148",8,0,1,0,"M",92,"p cover",2017,4,0.938349023040704,0.479435070388306,0.676875741081914
"1149",8,0,1,0,"M",93,"p cover",2017,2,0.2399243956322,0.121168568870228,0.346137735766856
"1150",8,1,1,0,"MF",94,"p cover",2017,3,0.711949307369633,0.413126739989483,0.648044186937648
"1151",8,1,1,0,"MF",95,"p cover",2017,4,1.28010289490035,0.705673577802571,0.923399049150168
"1152",8,1,1,0,"MF",96,"p cover",2017,6,1.38587580008647,0.696206253308992,0.77347201110847
